timestamp,customer_id,patient_name,heart_rate_bpm,spo2_pct,steps,skin_temp_c,hrv_ms,respiratory_rate,activity
2026-04-11 00:55:29,CUST_carlos_rivera_5A81755B,Carlos Rivera,60,98.5,192,36.8,25,14,walking
2026-04-11 01:14:29,CUST_carlos_rivera_5A81755B,Carlos Rivera,80,97.7,81,36.3,45,17,resting
2026-04-11 02:49:29,CUST_carlos_rivera_5A81755B,Carlos Rivera,73,99.0,479,36.3,36,18,walking
2026-04-11 03:46:29,CUST_carlos_rivera_5A81755B,Carlos Rivera,65,98.3,479,36.4,56,14,light_activity
2026-04-11 04:36:29,CUST_carlos_rivera_5A81755B,Carlos Rivera,74,98.5,488,36.2,57,20,light_activity
2026-04-11 05:15:29,CUST_carlos_rivera_5A81755B,Carlos Rivera,77,98.2,147,37.1,75,12,walking
2026-04-11 06:08:29,CUST_carlos_rivera_5A81755B,Carlos Rivera,61,98.6,487,36.9,66,15,sleep
2026-04-11 07:46:29,CUST_carlos_rivera_5A81755B,Carlos Rivera,78,98.0,149,37.0,39,17,resting
2026-04-11 08:41:29,CUST_carlos_rivera_5A81755B,Carlos Rivera,61,97.7,320,36.9,49,12,sleep
2026-04-11 09:05:29,CUST_carlos_rivera_5A81755B,Carlos Rivera,68,97.5,278,36.7,44,19,walking
2026-04-11 10:34:29,CUST_carlos_rivera_5A81755B,Carlos Rivera,60,98.9,231,36.5,69,13,resting
2026-04-11 11:46:29,CUST_carlos_rivera_5A81755B,Carlos Rivera,85,98.9,253,36.9,51,18,walking
2026-04-11 12:54:29,CUST_carlos_rivera_5A81755B,Carlos Rivera,83,98.8,258,36.8,74,14,walking
2026-04-11 13:20:29,CUST_carlos_rivera_5A81755B,Carlos Rivera,80,97.4,383,36.2,61,20,light_activity
2026-04-11 14:43:29,CUST_carlos_rivera_5A81755B,Carlos Rivera,71,97.8,95,37.0,70,15,light_activity
2026-04-11 15:03:29,CUST_carlos_rivera_5A81755B,Carlos Rivera,63,98.3,444,36.6,44,18,light_activity
2026-04-11 16:43:29,CUST_carlos_rivera_5A81755B,Carlos Rivera,78,97.1,344,36.3,37,20,walking
2026-04-11 17:49:29,CUST_carlos_rivera_5A81755B,Carlos Rivera,70,97.5,93,37.3,45,19,sleep
2026-04-11 18:12:29,CUST_carlos_rivera_5A81755B,Carlos Rivera,64,98.7,313,36.6,60,15,walking
2026-04-11 19:43:29,CUST_carlos_rivera_5A81755B,Carlos Rivera,81,98.7,404,36.7,75,15,walking
2026-04-11 20:34:29,CUST_carlos_rivera_5A81755B,Carlos Rivera,74,97.7,84,36.5,63,17,walking
2026-04-11 21:34:29,CUST_carlos_rivera_5A81755B,Carlos Rivera,72,97.4,483,36.6,30,14,sleep
2026-04-11 22:37:29,CUST_carlos_rivera_5A81755B,Carlos Rivera,65,97.7,311,37.1,43,13,walking
2026-04-11 23:55:29,CUST_carlos_rivera_5A81755B,Carlos Rivera,72,98.1,200,36.6,21,19,light_activity
2026-04-12 00:24:29,CUST_carlos_rivera_5A81755B,Carlos Rivera,77,97.0,164,37.1,69,16,light_activity
2026-04-12 01:14:29,CUST_carlos_rivera_5A81755B,Carlos Rivera,58,97.6,319,36.3,63,20,resting
2026-04-12 02:59:29,CUST_carlos_rivera_5A81755B,Carlos Rivera,65,98.2,84,36.3,53,17,walking
2026-04-12 03:17:29,CUST_carlos_rivera_5A81755B,Carlos Rivera,57,98.7,107,36.7,25,17,light_activity
2026-04-12 04:29:29,CUST_carlos_rivera_5A81755B,Carlos Rivera,63,98.7,103,36.3,66,14,light_activity
2026-04-12 05:39:29,CUST_carlos_rivera_5A81755B,Carlos Rivera,67,98.0,433,37.3,26,15,sleep
2026-04-12 06:28:29,CUST_carlos_rivera_5A81755B,Carlos Rivera,65,97.0,317,36.5,74,14,resting
2026-04-12 07:18:29,CUST_carlos_rivera_5A81755B,Carlos Rivera,57,98.6,90,36.7,59,20,resting
2026-04-12 08:44:29,CUST_carlos_rivera_5A81755B,Carlos Rivera,81,97.9,30,36.9,73,14,sleep
2026-04-12 09:00:29,CUST_carlos_rivera_5A81755B,Carlos Rivera,68,97.3,432,36.8,55,17,sleep
2026-04-12 10:10:29,CUST_carlos_rivera_5A81755B,Carlos Rivera,64,98.1,467,37.2,47,18,resting
2026-04-12 11:20:29,CUST_carlos_rivera_5A81755B,Carlos Rivera,81,97.8,386,36.7,48,16,light_activity
2026-04-12 12:55:29,CUST_carlos_rivera_5A81755B,Carlos Rivera,62,98.0,172,36.8,67,16,light_activity
2026-04-12 13:46:29,CUST_carlos_rivera_5A81755B,Carlos Rivera,79,98.9,407,37.2,70,16,walking
2026-04-12 14:32:29,CUST_carlos_rivera_5A81755B,Carlos Rivera,63,98.9,466,36.3,25,18,light_activity
2026-04-12 15:01:29,CUST_carlos_rivera_5A81755B,Carlos Rivera,59,98.8,21,36.4,39,17,walking
2026-04-12 16:37:29,CUST_carlos_rivera_5A81755B,Carlos Rivera,78,97.1,121,36.4,76,13,light_activity
2026-04-12 17:55:29,CUST_carlos_rivera_5A81755B,Carlos Rivera,66,97.4,165,36.6,22,20,walking
2026-04-12 18:40:29,CUST_carlos_rivera_5A81755B,Carlos Rivera,81,98.1,93,37.0,38,16,light_activity
2026-04-12 19:54:29,CUST_carlos_rivera_5A81755B,Carlos Rivera,79,98.2,197,36.9,65,19,walking
2026-04-12 20:31:29,CUST_carlos_rivera_5A81755B,Carlos Rivera,68,97.9,326,37.1,66,16,sleep
2026-04-12 21:09:29,CUST_carlos_rivera_5A81755B,Carlos Rivera,57,97.7,263,37.4,65,14,light_activity
2026-04-12 22:18:29,CUST_carlos_rivera_5A81755B,Carlos Rivera,62,98.1,412,37.2,65,20,resting
2026-04-12 23:47:29,CUST_carlos_rivera_5A81755B,Carlos Rivera,62,98.7,64,36.4,29,12,light_activity
2026-04-13 00:39:29,CUST_carlos_rivera_5A81755B,Carlos Rivera,57,97.8,4,37.3,53,15,sleep
2026-04-13 01:16:29,CUST_carlos_rivera_5A81755B,Carlos Rivera,72,97.4,283,36.8,21,20,walking
2026-04-13 02:49:29,CUST_carlos_rivera_5A81755B,Carlos Rivera,76,98.0,44,37.0,31,14,light_activity
2026-04-13 03:30:29,CUST_carlos_rivera_5A81755B,Carlos Rivera,74,97.5,498,36.6,60,16,sleep
2026-04-13 04:08:29,CUST_carlos_rivera_5A81755B,Carlos Rivera,69,98.7,482,36.2,29,13,sleep
2026-04-13 05:24:29,CUST_carlos_rivera_5A81755B,Carlos Rivera,75,98.5,200,36.3,75,14,sleep
2026-04-13 06:07:29,CUST_carlos_rivera_5A81755B,Carlos Rivera,82,97.4,234,37.0,32,19,walking
2026-04-13 07:59:29,CUST_carlos_rivera_5A81755B,Carlos Rivera,83,98.2,95,37.3,79,12,light_activity
2026-04-13 08:11:29,CUST_carlos_rivera_5A81755B,Carlos Rivera,62,98.2,290,37.3,33,18,walking
2026-04-13 09:06:29,CUST_carlos_rivera_5A81755B,Carlos Rivera,73,98.3,299,36.3,39,15,walking
2026-04-13 10:15:29,CUST_carlos_rivera_5A81755B,Carlos Rivera,65,98.3,359,37.4,70,20,walking
2026-04-13 11:20:29,CUST_carlos_rivera_5A81755B,Carlos Rivera,76,97.5,62,36.8,61,19,sleep
2026-04-13 12:14:29,CUST_carlos_rivera_5A81755B,Carlos Rivera,66,97.6,482,36.2,41,16,light_activity
2026-04-13 13:36:29,CUST_carlos_rivera_5A81755B,Carlos Rivera,79,98.4,59,36.4,48,19,resting
2026-04-13 14:11:29,CUST_carlos_rivera_5A81755B,Carlos Rivera,75,97.9,82,36.3,35,19,sleep
2026-04-13 15:46:29,CUST_carlos_rivera_5A81755B,Carlos Rivera,61,98.0,458,37.2,28,20,walking
2026-04-13 16:08:29,CUST_carlos_rivera_5A81755B,Carlos Rivera,59,98.6,385,37.4,28,17,sleep
2026-04-13 17:46:29,CUST_carlos_rivera_5A81755B,Carlos Rivera,64,97.4,19,37.3,36,20,sleep
2026-04-13 18:38:29,CUST_carlos_rivera_5A81755B,Carlos Rivera,77,98.0,442,36.9,42,15,light_activity
2026-04-13 19:42:29,CUST_carlos_rivera_5A81755B,Carlos Rivera,76,97.4,326,36.8,79,12,resting
2026-04-13 20:12:29,CUST_carlos_rivera_5A81755B,Carlos Rivera,59,99.0,120,37.3,61,13,light_activity
2026-04-13 21:07:29,CUST_carlos_rivera_5A81755B,Carlos Rivera,70,97.7,446,36.4,33,13,resting
2026-04-13 22:49:29,CUST_carlos_rivera_5A81755B,Carlos Rivera,69,98.2,398,37.3,80,17,resting
2026-04-13 23:05:29,CUST_carlos_rivera_5A81755B,Carlos Rivera,67,98.0,334,37.2,52,15,resting
2026-04-14 00:39:29,CUST_carlos_rivera_5A81755B,Carlos Rivera,61,98.2,240,36.3,63,19,resting
2026-04-14 01:38:29,CUST_carlos_rivera_5A81755B,Carlos Rivera,60,97.8,324,36.4,29,13,walking
2026-04-14 02:10:29,CUST_carlos_rivera_5A81755B,Carlos Rivera,68,98.8,491,36.8,49,14,resting
2026-04-14 03:07:29,CUST_carlos_rivera_5A81755B,Carlos Rivera,84,97.2,57,36.7,26,14,walking
2026-04-14 04:02:29,CUST_carlos_rivera_5A81755B,Carlos Rivera,67,98.4,228,36.4,41,20,sleep
2026-04-14 05:59:29,CUST_carlos_rivera_5A81755B,Carlos Rivera,65,98.9,382,37.1,22,16,walking
2026-04-14 06:27:29,CUST_carlos_rivera_5A81755B,Carlos Rivera,72,97.4,6,37.0,49,16,resting
2026-04-14 07:09:29,CUST_carlos_rivera_5A81755B,Carlos Rivera,66,97.2,145,36.2,55,18,walking
2026-04-14 08:59:29,CUST_carlos_rivera_5A81755B,Carlos Rivera,65,98.2,167,37.4,29,16,sleep
2026-04-14 09:08:29,CUST_carlos_rivera_5A81755B,Carlos Rivera,64,97.4,433,36.6,42,18,resting
2026-04-14 10:51:29,CUST_carlos_rivera_5A81755B,Carlos Rivera,75,98.6,109,37.1,56,17,walking
2026-04-14 11:49:29,CUST_carlos_rivera_5A81755B,Carlos Rivera,80,98.6,397,36.3,49,13,walking
2026-04-14 12:17:29,CUST_carlos_rivera_5A81755B,Carlos Rivera,67,98.9,281,36.6,43,18,light_activity
2026-04-14 13:48:29,CUST_carlos_rivera_5A81755B,Carlos Rivera,62,98.7,132,37.3,76,14,resting
2026-04-14 14:09:29,CUST_carlos_rivera_5A81755B,Carlos Rivera,70,97.8,185,36.9,50,15,sleep
2026-04-14 15:17:29,CUST_carlos_rivera_5A81755B,Carlos Rivera,58,98.2,31,36.7,66,13,sleep
2026-04-14 16:27:29,CUST_carlos_rivera_5A81755B,Carlos Rivera,73,97.8,66,36.4,38,20,resting
2026-04-14 17:21:29,CUST_carlos_rivera_5A81755B,Carlos Rivera,69,98.9,81,37.2,63,12,walking
2026-04-14 18:44:29,CUST_carlos_rivera_5A81755B,Carlos Rivera,64,97.5,63,36.2,43,18,sleep
2026-04-14 19:36:29,CUST_carlos_rivera_5A81755B,Carlos Rivera,82,97.7,457,37.1,59,13,light_activity
2026-04-14 20:28:29,CUST_carlos_rivera_5A81755B,Carlos Rivera,83,98.6,178,36.6,47,14,walking
2026-04-14 21:16:29,CUST_carlos_rivera_5A81755B,Carlos Rivera,71,97.3,414,36.5,47,12,resting
2026-04-14 22:02:29,CUST_carlos_rivera_5A81755B,Carlos Rivera,72,98.5,408,37.1,27,12,walking
2026-04-14 23:01:29,CUST_carlos_rivera_5A81755B,Carlos Rivera,76,97.5,230,36.7,68,13,sleep
2026-04-15 00:10:29,CUST_carlos_rivera_5A81755B,Carlos Rivera,76,97.1,6,36.8,71,17,sleep
2026-04-15 01:06:29,CUST_carlos_rivera_5A81755B,Carlos Rivera,68,97.1,368,36.3,41,12,sleep
2026-04-15 02:05:29,CUST_carlos_rivera_5A81755B,Carlos Rivera,69,97.1,231,36.3,23,19,walking
2026-04-15 03:21:29,CUST_carlos_rivera_5A81755B,Carlos Rivera,57,98.6,147,36.6,53,16,sleep
2026-04-15 04:19:29,CUST_carlos_rivera_5A81755B,Carlos Rivera,67,97.3,360,36.4,21,18,walking
2026-04-15 05:22:29,CUST_carlos_rivera_5A81755B,Carlos Rivera,80,98.4,228,36.7,47,16,sleep
2026-04-15 06:01:29,CUST_carlos_rivera_5A81755B,Carlos Rivera,62,98.1,170,36.4,62,15,sleep
2026-04-15 07:10:29,CUST_carlos_rivera_5A81755B,Carlos Rivera,73,98.7,455,36.7,72,14,resting
2026-04-15 08:22:29,CUST_carlos_rivera_5A81755B,Carlos Rivera,74,98.0,425,36.4,74,19,resting
2026-04-15 09:02:29,CUST_carlos_rivera_5A81755B,Carlos Rivera,60,97.8,217,36.3,41,12,resting
2026-04-15 10:50:29,CUST_carlos_rivera_5A81755B,Carlos Rivera,58,97.9,248,37.0,27,16,resting
2026-04-15 11:01:29,CUST_carlos_rivera_5A81755B,Carlos Rivera,79,98.2,278,37.1,55,13,light_activity
2026-04-15 12:36:29,CUST_carlos_rivera_5A81755B,Carlos Rivera,60,97.5,362,36.3,70,14,resting
2026-04-15 13:16:29,CUST_carlos_rivera_5A81755B,Carlos Rivera,83,98.0,413,36.9,61,19,sleep
2026-04-15 14:50:29,CUST_carlos_rivera_5A81755B,Carlos Rivera,82,99.0,327,36.5,24,15,sleep
2026-04-15 15:37:29,CUST_carlos_rivera_5A81755B,Carlos Rivera,79,97.2,212,36.7,55,16,resting
2026-04-15 16:26:29,CUST_carlos_rivera_5A81755B,Carlos Rivera,68,97.3,248,36.5,23,19,sleep
2026-04-15 17:36:29,CUST_carlos_rivera_5A81755B,Carlos Rivera,66,97.5,89,37.1,47,14,walking
2026-04-15 18:47:29,CUST_carlos_rivera_5A81755B,Carlos Rivera,81,98.2,148,36.9,78,13,sleep
2026-04-15 19:51:29,CUST_carlos_rivera_5A81755B,Carlos Rivera,56,98.4,466,36.5,76,18,walking
2026-04-15 20:01:29,CUST_carlos_rivera_5A81755B,Carlos Rivera,68,97.1,235,37.2,54,14,resting
2026-04-15 21:05:29,CUST_carlos_rivera_5A81755B,Carlos Rivera,68,98.7,338,37.0,21,16,resting
2026-04-15 22:54:29,CUST_carlos_rivera_5A81755B,Carlos Rivera,73,97.5,350,37.0,59,20,sleep
2026-04-15 23:57:29,CUST_carlos_rivera_5A81755B,Carlos Rivera,60,97.2,227,37.4,66,20,light_activity
2026-04-16 00:59:29,CUST_carlos_rivera_5A81755B,Carlos Rivera,71,98.6,435,36.3,54,18,light_activity
2026-04-16 01:19:29,CUST_carlos_rivera_5A81755B,Carlos Rivera,74,97.3,61,36.7,76,17,walking
2026-04-16 02:36:29,CUST_carlos_rivera_5A81755B,Carlos Rivera,77,97.7,477,36.2,31,12,resting
2026-04-16 03:16:29,CUST_carlos_rivera_5A81755B,Carlos Rivera,72,97.8,163,36.8,25,14,walking
2026-04-16 04:24:29,CUST_carlos_rivera_5A81755B,Carlos Rivera,74,97.6,206,36.3,61,13,walking
2026-04-16 05:32:29,CUST_carlos_rivera_5A81755B,Carlos Rivera,80,98.6,138,37.1,58,18,walking
2026-04-16 06:29:29,CUST_carlos_rivera_5A81755B,Carlos Rivera,76,98.9,343,37.3,50,12,light_activity
2026-04-16 07:02:29,CUST_carlos_rivera_5A81755B,Carlos Rivera,78,97.5,60,36.5,70,13,sleep
2026-04-16 08:07:29,CUST_carlos_rivera_5A81755B,Carlos Rivera,72,97.1,460,36.9,35,14,sleep
2026-04-16 09:18:29,CUST_carlos_rivera_5A81755B,Carlos Rivera,80,97.4,370,36.7,26,19,sleep
2026-04-16 10:11:29,CUST_carlos_rivera_5A81755B,Carlos Rivera,74,97.1,309,37.3,64,16,sleep
2026-04-16 11:24:29,CUST_carlos_rivera_5A81755B,Carlos Rivera,75,98.4,479,36.9,21,16,sleep
2026-04-16 12:32:29,CUST_carlos_rivera_5A81755B,Carlos Rivera,66,97.1,5,36.4,41,13,sleep
2026-04-16 13:09:29,CUST_carlos_rivera_5A81755B,Carlos Rivera,65,98.2,124,37.2,46,16,walking
2026-04-16 14:00:29,CUST_carlos_rivera_5A81755B,Carlos Rivera,80,98.9,398,36.5,54,18,walking
2026-04-16 15:39:29,CUST_carlos_rivera_5A81755B,Carlos Rivera,62,97.3,132,36.7,29,20,sleep
2026-04-16 16:38:29,CUST_carlos_rivera_5A81755B,Carlos Rivera,74,97.8,319,37.2,25,16,resting
2026-04-16 17:13:29,CUST_carlos_rivera_5A81755B,Carlos Rivera,67,98.8,371,36.5,62,14,walking
2026-04-16 18:45:29,CUST_carlos_rivera_5A81755B,Carlos Rivera,69,97.5,243,37.1,77,12,light_activity
2026-04-16 19:11:29,CUST_carlos_rivera_5A81755B,Carlos Rivera,62,98.8,164,36.9,26,18,light_activity
2026-04-16 20:49:29,CUST_carlos_rivera_5A81755B,Carlos Rivera,57,97.7,489,36.5,39,19,walking
2026-04-16 21:16:29,CUST_carlos_rivera_5A81755B,Carlos Rivera,67,97.2,162,37.0,75,15,light_activity
2026-04-16 22:17:29,CUST_carlos_rivera_5A81755B,Carlos Rivera,64,97.8,432,36.3,68,19,resting
2026-04-16 23:49:29,CUST_carlos_rivera_5A81755B,Carlos Rivera,73,98.4,304,36.8,68,20,resting
2026-04-17 00:34:29,CUST_carlos_rivera_5A81755B,Carlos Rivera,72,98.7,236,37.2,29,13,light_activity
2026-04-17 01:05:29,CUST_carlos_rivera_5A81755B,Carlos Rivera,73,97.8,434,37.4,70,15,light_activity
2026-04-17 02:39:29,CUST_carlos_rivera_5A81755B,Carlos Rivera,66,98.3,484,36.5,47,20,walking
2026-04-17 03:44:29,CUST_carlos_rivera_5A81755B,Carlos Rivera,79,98.4,281,36.7,79,20,sleep
2026-04-17 04:36:29,CUST_carlos_rivera_5A81755B,Carlos Rivera,65,97.7,301,36.5,40,12,resting
2026-04-17 05:07:29,CUST_carlos_rivera_5A81755B,Carlos Rivera,76,98.4,347,36.4,74,19,light_activity
2026-04-17 06:15:29,CUST_carlos_rivera_5A81755B,Carlos Rivera,67,97.7,36,36.8,47,12,walking
2026-04-17 07:53:29,CUST_carlos_rivera_5A81755B,Carlos Rivera,82,98.5,284,37.2,33,18,light_activity
2026-04-17 08:15:29,CUST_carlos_rivera_5A81755B,Carlos Rivera,78,97.3,263,36.9,40,17,resting
2026-04-17 09:24:29,CUST_carlos_rivera_5A81755B,Carlos Rivera,70,97.1,304,37.0,56,16,walking
2026-04-17 10:19:29,CUST_carlos_rivera_5A81755B,Carlos Rivera,80,97.5,24,36.6,44,18,light_activity
2026-04-17 11:50:29,CUST_carlos_rivera_5A81755B,Carlos Rivera,81,97.9,254,36.7,40,18,light_activity
2026-04-17 12:10:29,CUST_carlos_rivera_5A81755B,Carlos Rivera,59,97.6,442,36.6,68,19,light_activity
2026-04-17 13:34:29,CUST_carlos_rivera_5A81755B,Carlos Rivera,64,97.9,487,36.6,40,15,walking
2026-04-17 14:50:29,CUST_carlos_rivera_5A81755B,Carlos Rivera,80,97.1,66,36.5,70,17,light_activity
2026-04-17 15:51:29,CUST_carlos_rivera_5A81755B,Carlos Rivera,73,98.6,437,37.0,69,18,light_activity
2026-04-17 16:44:29,CUST_carlos_rivera_5A81755B,Carlos Rivera,64,97.2,323,36.6,58,17,walking
2026-04-17 17:59:29,CUST_carlos_rivera_5A81755B,Carlos Rivera,56,98.4,345,36.7,74,14,resting
2026-04-17 18:11:29,CUST_carlos_rivera_5A81755B,Carlos Rivera,63,97.4,390,37.2,47,19,sleep
2026-04-17 19:19:29,CUST_carlos_rivera_5A81755B,Carlos Rivera,69,98.5,313,36.3,21,13,resting
2026-04-17 20:11:29,CUST_carlos_rivera_5A81755B,Carlos Rivera,64,97.2,466,37.4,52,16,sleep
2026-04-17 21:03:29,CUST_carlos_rivera_5A81755B,Carlos Rivera,63,97.0,242,36.9,45,19,sleep
2026-04-17 22:35:29,CUST_carlos_rivera_5A81755B,Carlos Rivera,62,98.7,88,36.9,76,17,sleep
2026-04-17 23:59:29,CUST_carlos_rivera_5A81755B,Carlos Rivera,59,97.9,367,36.7,36,14,sleep
2026-04-18 00:04:29,CUST_carlos_rivera_5A81755B,Carlos Rivera,60,98.8,27,36.4,36,15,sleep
2026-04-18 01:21:29,CUST_carlos_rivera_5A81755B,Carlos Rivera,68,97.7,301,37.1,75,20,resting
2026-04-18 02:29:29,CUST_carlos_rivera_5A81755B,Carlos Rivera,77,98.9,325,36.4,36,20,walking
2026-04-18 03:19:29,CUST_carlos_rivera_5A81755B,Carlos Rivera,60,98.3,355,37.1,52,17,light_activity
2026-04-18 04:23:29,CUST_carlos_rivera_5A81755B,Carlos Rivera,63,97.1,483,36.7,39,17,light_activity
2026-04-18 05:41:29,CUST_carlos_rivera_5A81755B,Carlos Rivera,74,98.5,445,36.4,76,13,resting
2026-04-18 06:08:29,CUST_carlos_rivera_5A81755B,Carlos Rivera,63,98.9,229,36.5,54,19,resting
2026-04-18 07:28:29,CUST_carlos_rivera_5A81755B,Carlos Rivera,75,98.5,124,37.0,61,14,sleep
2026-04-18 08:10:29,CUST_carlos_rivera_5A81755B,Carlos Rivera,58,98.7,284,36.8,63,14,resting
2026-04-18 09:57:29,CUST_carlos_rivera_5A81755B,Carlos Rivera,75,98.4,335,36.9,71,13,sleep
2026-04-18 10:15:29,CUST_carlos_rivera_5A81755B,Carlos Rivera,60,97.7,325,36.4,44,15,light_activity
2026-04-18 11:46:29,CUST_carlos_rivera_5A81755B,Carlos Rivera,80,98.7,136,36.9,34,17,walking
2026-04-18 12:56:29,CUST_carlos_rivera_5A81755B,Carlos Rivera,64,97.1,471,37.2,70,13,resting
2026-04-18 13:45:29,CUST_carlos_rivera_5A81755B,Carlos Rivera,74,97.9,146,36.8,24,18,light_activity
2026-04-18 14:11:29,CUST_carlos_rivera_5A81755B,Carlos Rivera,67,97.5,343,37.3,36,16,sleep
2026-04-18 15:03:29,CUST_carlos_rivera_5A81755B,Carlos Rivera,75,98.6,450,36.6,24,19,walking
2026-04-18 16:28:29,CUST_carlos_rivera_5A81755B,Carlos Rivera,73,97.0,351,37.0,78,17,walking
2026-04-18 17:41:29,CUST_carlos_rivera_5A81755B,Carlos Rivera,75,97.3,233,37.4,52,16,sleep
2026-04-18 18:51:29,CUST_carlos_rivera_5A81755B,Carlos Rivera,83,98.2,300,36.8,69,14,resting
2026-04-18 19:19:29,CUST_carlos_rivera_5A81755B,Carlos Rivera,72,98.2,68,37.2,26,16,sleep
2026-04-18 20:43:29,CUST_carlos_rivera_5A81755B,Carlos Rivera,63,97.8,18,37.2,75,20,sleep
2026-04-18 21:45:29,CUST_carlos_rivera_5A81755B,Carlos Rivera,65,97.5,463,36.4,55,15,sleep
2026-04-18 22:10:29,CUST_carlos_rivera_5A81755B,Carlos Rivera,74,97.5,405,36.3,27,20,sleep
2026-04-18 23:01:29,CUST_carlos_rivera_5A81755B,Carlos Rivera,69,98.9,290,36.5,31,20,resting
2026-04-19 00:45:29,CUST_carlos_rivera_5A81755B,Carlos Rivera,81,98.8,85,36.4,22,13,resting
2026-04-19 01:11:29,CUST_carlos_rivera_5A81755B,Carlos Rivera,64,98.8,8,36.3,53,18,sleep
2026-04-19 02:27:29,CUST_carlos_rivera_5A81755B,Carlos Rivera,68,97.1,15,36.8,60,20,sleep
2026-04-19 03:45:29,CUST_carlos_rivera_5A81755B,Carlos Rivera,68,97.0,42,37.2,32,17,sleep
2026-04-19 04:50:29,CUST_carlos_rivera_5A81755B,Carlos Rivera,61,97.1,370,36.5,55,16,light_activity
2026-04-19 05:41:29,CUST_carlos_rivera_5A81755B,Carlos Rivera,72,98.9,301,36.8,23,19,light_activity
2026-04-19 06:26:29,CUST_carlos_rivera_5A81755B,Carlos Rivera,82,97.3,161,36.6,75,17,resting
2026-04-19 07:02:29,CUST_carlos_rivera_5A81755B,Carlos Rivera,58,98.5,8,36.7,68,18,walking
2026-04-19 08:00:29,CUST_carlos_rivera_5A81755B,Carlos Rivera,70,98.9,487,37.1,44,19,resting
2026-04-19 09:21:29,CUST_carlos_rivera_5A81755B,Carlos Rivera,55,97.9,497,37.3,44,18,light_activity
2026-04-19 10:05:29,CUST_carlos_rivera_5A81755B,Carlos Rivera,57,98.8,201,37.3,39,13,resting
2026-04-19 11:45:29,CUST_carlos_rivera_5A81755B,Carlos Rivera,66,97.0,228,36.8,26,18,light_activity
2026-04-19 12:49:29,CUST_carlos_rivera_5A81755B,Carlos Rivera,81,97.1,314,36.2,69,20,walking
2026-04-19 13:27:29,CUST_carlos_rivera_5A81755B,Carlos Rivera,76,97.4,283,36.4,54,18,walking
2026-04-19 14:24:29,CUST_carlos_rivera_5A81755B,Carlos Rivera,81,98.6,270,36.5,47,20,resting
2026-04-19 15:30:29,CUST_carlos_rivera_5A81755B,Carlos Rivera,81,98.3,248,37.1,24,17,resting
2026-04-19 16:23:29,CUST_carlos_rivera_5A81755B,Carlos Rivera,79,97.4,232,37.2,56,19,sleep
2026-04-19 17:01:29,CUST_carlos_rivera_5A81755B,Carlos Rivera,77,97.3,482,36.3,47,17,sleep
2026-04-19 18:54:29,CUST_carlos_rivera_5A81755B,Carlos Rivera,83,98.2,425,37.2,44,12,light_activity
2026-04-19 19:05:29,CUST_carlos_rivera_5A81755B,Carlos Rivera,72,98.5,459,36.9,79,14,resting
2026-04-19 20:50:29,CUST_carlos_rivera_5A81755B,Carlos Rivera,74,97.7,160,37.4,27,19,sleep
2026-04-19 21:29:29,CUST_carlos_rivera_5A81755B,Carlos Rivera,65,98.3,70,36.8,44,14,resting
2026-04-19 22:06:29,CUST_carlos_rivera_5A81755B,Carlos Rivera,82,98.6,330,36.9,37,13,sleep
2026-04-19 23:08:29,CUST_carlos_rivera_5A81755B,Carlos Rivera,72,97.4,72,36.9,50,17,resting
2026-04-20 00:28:29,CUST_carlos_rivera_5A81755B,Carlos Rivera,60,98.4,187,36.5,28,13,light_activity
2026-04-20 01:43:29,CUST_carlos_rivera_5A81755B,Carlos Rivera,69,98.0,427,36.3,47,20,walking
2026-04-20 02:00:29,CUST_carlos_rivera_5A81755B,Carlos Rivera,75,97.3,445,36.6,73,12,resting
2026-04-20 03:46:29,CUST_carlos_rivera_5A81755B,Carlos Rivera,57,98.3,112,37.3,77,17,sleep
2026-04-20 04:17:29,CUST_carlos_rivera_5A81755B,Carlos Rivera,63,97.3,423,36.4,74,19,walking
2026-04-20 05:32:29,CUST_carlos_rivera_5A81755B,Carlos Rivera,68,98.2,454,37.1,70,16,resting
2026-04-20 06:03:29,CUST_carlos_rivera_5A81755B,Carlos Rivera,64,98.0,484,37.3,53,14,walking
2026-04-20 07:44:29,CUST_carlos_rivera_5A81755B,Carlos Rivera,70,97.5,69,37.4,24,18,light_activity
2026-04-20 08:00:29,CUST_carlos_rivera_5A81755B,Carlos Rivera,71,97.1,179,37.3,61,12,resting
2026-04-20 09:07:29,CUST_carlos_rivera_5A81755B,Carlos Rivera,78,98.9,312,36.4,49,13,resting
2026-04-20 10:20:29,CUST_carlos_rivera_5A81755B,Carlos Rivera,66,97.2,450,36.3,43,15,sleep
2026-04-20 11:03:29,CUST_carlos_rivera_5A81755B,Carlos Rivera,75,97.4,16,36.8,71,18,light_activity
2026-04-20 12:43:29,CUST_carlos_rivera_5A81755B,Carlos Rivera,55,98.9,131,37.3,73,13,light_activity
2026-04-20 13:35:29,CUST_carlos_rivera_5A81755B,Carlos Rivera,69,97.5,330,36.4,56,20,sleep
2026-04-20 14:26:29,CUST_carlos_rivera_5A81755B,Carlos Rivera,81,98.1,442,37.2,42,14,light_activity
2026-04-20 15:17:29,CUST_carlos_rivera_5A81755B,Carlos Rivera,71,97.8,375,36.3,59,20,walking
2026-04-20 16:30:29,CUST_carlos_rivera_5A81755B,Carlos Rivera,65,98.6,42,36.5,69,13,resting
2026-04-20 17:16:29,CUST_carlos_rivera_5A81755B,Carlos Rivera,65,97.3,396,36.9,59,18,walking
2026-04-20 18:43:29,CUST_carlos_rivera_5A81755B,Carlos Rivera,61,97.9,151,36.5,76,17,sleep
2026-04-20 19:16:29,CUST_carlos_rivera_5A81755B,Carlos Rivera,74,97.7,470,36.4,53,12,sleep
2026-04-20 20:55:29,CUST_carlos_rivera_5A81755B,Carlos Rivera,71,97.9,381,36.7,32,20,walking
2026-04-20 21:45:29,CUST_carlos_rivera_5A81755B,Carlos Rivera,67,98.9,257,36.4,39,14,light_activity
2026-04-20 22:51:29,CUST_carlos_rivera_5A81755B,Carlos Rivera,68,98.8,408,37.3,74,16,sleep
2026-04-20 23:58:29,CUST_carlos_rivera_5A81755B,Carlos Rivera,67,97.1,171,36.3,72,19,light_activity
2026-04-21 00:45:29,CUST_carlos_rivera_5A81755B,Carlos Rivera,62,97.7,317,36.6,25,17,sleep
2026-04-21 01:10:29,CUST_carlos_rivera_5A81755B,Carlos Rivera,70,97.4,422,36.2,22,20,light_activity
2026-04-21 02:57:29,CUST_carlos_rivera_5A81755B,Carlos Rivera,66,97.1,322,37.0,66,12,resting
2026-04-21 03:56:29,CUST_carlos_rivera_5A81755B,Carlos Rivera,63,98.9,51,36.8,52,18,resting
2026-04-21 04:38:29,CUST_carlos_rivera_5A81755B,Carlos Rivera,57,97.7,151,37.0,48,18,resting
2026-04-21 05:43:29,CUST_carlos_rivera_5A81755B,Carlos Rivera,62,98.3,207,37.1,43,15,light_activity
2026-04-21 06:52:29,CUST_carlos_rivera_5A81755B,Carlos Rivera,64,98.4,0,37.3,62,14,walking
2026-04-21 07:28:29,CUST_carlos_rivera_5A81755B,Carlos Rivera,74,97.7,492,36.3,30,18,resting
2026-04-21 08:05:29,CUST_carlos_rivera_5A81755B,Carlos Rivera,66,97.7,441,37.1,31,17,light_activity
2026-04-21 09:28:29,CUST_carlos_rivera_5A81755B,Carlos Rivera,84,97.7,224,36.5,73,19,resting
2026-04-21 10:48:29,CUST_carlos_rivera_5A81755B,Carlos Rivera,72,98.7,237,36.9,23,17,light_activity
2026-04-21 11:41:29,CUST_carlos_rivera_5A81755B,Carlos Rivera,58,98.3,424,36.3,20,18,light_activity
2026-04-21 12:43:29,CUST_carlos_rivera_5A81755B,Carlos Rivera,77,98.9,395,37.1,33,13,resting
2026-04-21 13:17:29,CUST_carlos_rivera_5A81755B,Carlos Rivera,68,98.9,449,36.5,22,20,light_activity
2026-04-21 14:04:29,CUST_carlos_rivera_5A81755B,Carlos Rivera,65,97.6,314,37.3,34,17,walking
2026-04-21 15:34:29,CUST_carlos_rivera_5A81755B,Carlos Rivera,71,98.5,124,37.3,63,17,walking
2026-04-21 16:02:29,CUST_carlos_rivera_5A81755B,Carlos Rivera,72,97.1,30,36.7,51,12,resting
2026-04-21 17:25:29,CUST_carlos_rivera_5A81755B,Carlos Rivera,79,98.9,465,37.2,23,13,sleep
2026-04-21 18:45:29,CUST_carlos_rivera_5A81755B,Carlos Rivera,76,97.5,398,37.0,35,19,light_activity
2026-04-21 19:44:29,CUST_carlos_rivera_5A81755B,Carlos Rivera,62,98.3,291,37.2,39,17,walking
2026-04-21 20:01:29,CUST_carlos_rivera_5A81755B,Carlos Rivera,61,98.0,193,37.1,74,14,light_activity
2026-04-21 21:20:29,CUST_carlos_rivera_5A81755B,Carlos Rivera,58,97.3,178,37.2,24,19,walking
2026-04-21 22:24:29,CUST_carlos_rivera_5A81755B,Carlos Rivera,69,97.3,200,36.4,26,19,light_activity
2026-04-21 23:11:29,CUST_carlos_rivera_5A81755B,Carlos Rivera,73,98.3,338,37.3,64,14,walking
2026-04-22 00:50:29,CUST_carlos_rivera_5A81755B,Carlos Rivera,66,97.7,48,36.3,67,12,resting
2026-04-22 01:41:29,CUST_carlos_rivera_5A81755B,Carlos Rivera,78,97.1,125,36.2,68,20,sleep
2026-04-22 02:32:29,CUST_carlos_rivera_5A81755B,Carlos Rivera,66,97.0,453,37.3,25,18,sleep
2026-04-22 03:28:29,CUST_carlos_rivera_5A81755B,Carlos Rivera,64,98.2,3,36.5,63,17,sleep
2026-04-22 04:21:29,CUST_carlos_rivera_5A81755B,Carlos Rivera,81,98.6,278,36.7,74,14,resting
2026-04-22 05:10:29,CUST_carlos_rivera_5A81755B,Carlos Rivera,82,98.5,159,36.4,22,15,walking
2026-04-22 06:26:29,CUST_carlos_rivera_5A81755B,Carlos Rivera,60,98.8,72,36.7,42,20,walking
2026-04-22 07:04:29,CUST_carlos_rivera_5A81755B,Carlos Rivera,70,99.0,455,36.2,58,14,resting
2026-04-22 08:58:29,CUST_carlos_rivera_5A81755B,Carlos Rivera,70,97.2,176,37.2,34,20,resting
2026-04-22 09:11:29,CUST_carlos_rivera_5A81755B,Carlos Rivera,67,98.4,86,36.3,70,14,resting
2026-04-22 10:22:29,CUST_carlos_rivera_5A81755B,Carlos Rivera,72,98.0,465,36.8,20,17,resting
2026-04-22 11:27:29,CUST_carlos_rivera_5A81755B,Carlos Rivera,59,98.0,108,36.8,41,20,resting
2026-04-22 12:46:29,CUST_carlos_rivera_5A81755B,Carlos Rivera,78,98.1,237,37.0,50,14,resting
2026-04-22 13:24:29,CUST_carlos_rivera_5A81755B,Carlos Rivera,80,97.1,25,37.1,69,17,walking
2026-04-22 14:30:29,CUST_carlos_rivera_5A81755B,Carlos Rivera,81,98.7,34,36.9,44,14,sleep
2026-04-22 15:57:29,CUST_carlos_rivera_5A81755B,Carlos Rivera,68,97.6,492,37.3,75,12,resting
2026-04-22 16:32:29,CUST_carlos_rivera_5A81755B,Carlos Rivera,61,98.4,244,36.4,23,14,walking
2026-04-22 17:39:29,CUST_carlos_rivera_5A81755B,Carlos Rivera,72,97.3,474,37.2,34,14,walking
2026-04-22 18:03:29,CUST_carlos_rivera_5A81755B,Carlos Rivera,64,97.6,249,37.4,61,15,walking
2026-04-22 19:59:29,CUST_carlos_rivera_5A81755B,Carlos Rivera,72,97.1,498,37.3,43,15,resting
2026-04-22 20:43:29,CUST_carlos_rivera_5A81755B,Carlos Rivera,69,98.5,65,36.2,33,12,light_activity
2026-04-22 21:59:29,CUST_carlos_rivera_5A81755B,Carlos Rivera,62,98.7,66,37.1,51,17,walking
2026-04-22 22:44:29,CUST_carlos_rivera_5A81755B,Carlos Rivera,61,97.7,99,36.2,69,14,resting
2026-04-22 23:26:29,CUST_carlos_rivera_5A81755B,Carlos Rivera,65,97.8,202,36.4,63,12,light_activity
2026-04-23 00:45:29,CUST_carlos_rivera_5A81755B,Carlos Rivera,77,98.9,225,36.7,42,18,resting
2026-04-23 01:39:29,CUST_carlos_rivera_5A81755B,Carlos Rivera,75,97.3,36,37.0,61,14,resting
2026-04-23 02:26:29,CUST_carlos_rivera_5A81755B,Carlos Rivera,64,97.6,442,36.9,75,14,walking
2026-04-23 03:07:29,CUST_carlos_rivera_5A81755B,Carlos Rivera,59,97.5,494,37.1,72,16,resting
2026-04-23 04:39:29,CUST_carlos_rivera_5A81755B,Carlos Rivera,73,97.3,290,36.3,75,15,resting
2026-04-23 05:26:29,CUST_carlos_rivera_5A81755B,Carlos Rivera,70,98.0,187,36.7,76,17,sleep
2026-04-23 06:53:29,CUST_carlos_rivera_5A81755B,Carlos Rivera,74,98.9,449,37.3,44,15,sleep
2026-04-23 07:59:29,CUST_carlos_rivera_5A81755B,Carlos Rivera,60,98.1,411,36.7,43,12,light_activity
2026-04-23 08:37:29,CUST_carlos_rivera_5A81755B,Carlos Rivera,68,97.6,18,36.7,47,18,walking
2026-04-23 09:43:29,CUST_carlos_rivera_5A81755B,Carlos Rivera,73,98.5,367,36.5,46,17,resting
2026-04-23 10:19:29,CUST_carlos_rivera_5A81755B,Carlos Rivera,84,97.8,232,36.4,74,14,sleep
2026-04-23 11:08:29,CUST_carlos_rivera_5A81755B,Carlos Rivera,69,97.2,495,36.4,33,18,walking
2026-04-23 12:58:29,CUST_carlos_rivera_5A81755B,Carlos Rivera,75,98.1,164,36.5,29,13,resting
2026-04-23 13:34:29,CUST_carlos_rivera_5A81755B,Carlos Rivera,79,98.9,316,36.3,59,18,walking
2026-04-23 14:40:29,CUST_carlos_rivera_5A81755B,Carlos Rivera,66,98.8,364,36.3,58,18,light_activity
2026-04-23 15:14:29,CUST_carlos_rivera_5A81755B,Carlos Rivera,69,97.7,122,37.3,66,16,sleep
2026-04-23 16:11:29,CUST_carlos_rivera_5A81755B,Carlos Rivera,76,97.1,272,36.5,35,16,walking
2026-04-23 17:52:29,CUST_carlos_rivera_5A81755B,Carlos Rivera,59,97.2,361,37.2,74,20,sleep
2026-04-23 18:25:29,CUST_carlos_rivera_5A81755B,Carlos Rivera,60,99.0,136,36.6,49,18,light_activity
2026-04-23 19:31:29,CUST_carlos_rivera_5A81755B,Carlos Rivera,72,97.8,364,37.3,71,16,light_activity
2026-04-23 20:12:29,CUST_carlos_rivera_5A81755B,Carlos Rivera,69,97.9,288,36.8,74,16,sleep
2026-04-23 21:24:29,CUST_carlos_rivera_5A81755B,Carlos Rivera,82,97.8,413,36.3,33,16,walking
2026-04-23 22:05:29,CUST_carlos_rivera_5A81755B,Carlos Rivera,65,97.6,11,36.8,78,12,light_activity
2026-04-23 23:59:29,CUST_carlos_rivera_5A81755B,Carlos Rivera,78,98.0,417,36.6,68,18,walking
2026-04-24 00:20:29,CUST_carlos_rivera_5A81755B,Carlos Rivera,75,97.8,154,37.2,31,13,walking
2026-04-24 01:00:29,CUST_carlos_rivera_5A81755B,Carlos Rivera,73,97.3,188,37.1,57,13,light_activity
2026-04-24 02:11:29,CUST_carlos_rivera_5A81755B,Carlos Rivera,68,98.9,146,36.3,62,16,walking
2026-04-24 03:15:29,CUST_carlos_rivera_5A81755B,Carlos Rivera,66,98.6,154,37.1,76,16,walking
2026-04-24 04:45:29,CUST_carlos_rivera_5A81755B,Carlos Rivera,63,98.1,112,37.0,49,15,resting
2026-04-24 05:58:29,CUST_carlos_rivera_5A81755B,Carlos Rivera,55,98.1,351,37.1,51,20,light_activity
2026-04-24 06:58:29,CUST_carlos_rivera_5A81755B,Carlos Rivera,62,98.9,40,36.6,55,19,resting
2026-04-24 07:58:29,CUST_carlos_rivera_5A81755B,Carlos Rivera,76,97.6,107,36.6,62,16,walking
2026-04-24 08:27:29,CUST_carlos_rivera_5A81755B,Carlos Rivera,78,97.5,432,37.0,76,19,resting
2026-04-24 09:07:29,CUST_carlos_rivera_5A81755B,Carlos Rivera,73,98.3,83,37.2,79,12,sleep
2026-04-24 10:50:29,CUST_carlos_rivera_5A81755B,Carlos Rivera,67,97.4,227,36.8,28,18,sleep
2026-04-24 11:43:29,CUST_carlos_rivera_5A81755B,Carlos Rivera,71,97.4,239,36.2,37,12,resting
2026-04-24 12:59:29,CUST_carlos_rivera_5A81755B,Carlos Rivera,80,98.6,416,36.7,54,13,resting
2026-04-24 13:59:29,CUST_carlos_rivera_5A81755B,Carlos Rivera,71,98.3,337,37.4,22,12,walking
2026-04-24 14:30:29,CUST_carlos_rivera_5A81755B,Carlos Rivera,62,97.1,95,36.6,62,15,resting
2026-04-24 15:27:29,CUST_carlos_rivera_5A81755B,Carlos Rivera,64,97.6,495,36.9,70,13,walking
2026-04-24 16:48:29,CUST_carlos_rivera_5A81755B,Carlos Rivera,75,98.6,355,36.3,30,12,walking
2026-04-24 17:07:29,CUST_carlos_rivera_5A81755B,Carlos Rivera,67,98.2,179,37.1,53,18,walking
2026-04-24 18:58:29,CUST_carlos_rivera_5A81755B,Carlos Rivera,64,98.3,294,37.1,74,19,walking
2026-04-24 19:22:29,CUST_carlos_rivera_5A81755B,Carlos Rivera,64,98.9,180,37.2,75,15,walking
2026-04-24 20:09:29,CUST_carlos_rivera_5A81755B,Carlos Rivera,62,98.3,394,37.2,34,15,walking
2026-04-24 21:00:29,CUST_carlos_rivera_5A81755B,Carlos Rivera,69,98.7,353,37.0,77,15,light_activity
2026-04-24 22:14:29,CUST_carlos_rivera_5A81755B,Carlos Rivera,62,97.8,44,36.8,22,19,sleep
2026-04-24 23:05:29,CUST_carlos_rivera_5A81755B,Carlos Rivera,64,99.0,23,36.8,44,19,resting
2026-04-25 00:48:29,CUST_carlos_rivera_5A81755B,Carlos Rivera,73,98.7,102,36.7,26,12,sleep
2026-04-25 01:07:29,CUST_carlos_rivera_5A81755B,Carlos Rivera,65,97.2,330,37.2,72,20,walking
2026-04-25 02:57:29,CUST_carlos_rivera_5A81755B,Carlos Rivera,82,98.1,492,36.4,25,19,sleep
2026-04-25 03:59:29,CUST_carlos_rivera_5A81755B,Carlos Rivera,71,98.7,399,36.7,32,17,sleep
2026-04-25 04:48:29,CUST_carlos_rivera_5A81755B,Carlos Rivera,65,97.3,496,37.4,64,14,walking
2026-04-25 05:10:29,CUST_carlos_rivera_5A81755B,Carlos Rivera,71,98.3,386,36.9,36,14,light_activity
2026-04-25 06:35:29,CUST_carlos_rivera_5A81755B,Carlos Rivera,75,98.4,340,37.4,60,14,walking
2026-04-25 07:46:29,CUST_carlos_rivera_5A81755B,Carlos Rivera,72,97.1,93,37.2,59,17,walking
2026-04-25 08:23:29,CUST_carlos_rivera_5A81755B,Carlos Rivera,75,98.8,124,37.2,60,19,walking
2026-04-25 09:04:29,CUST_carlos_rivera_5A81755B,Carlos Rivera,76,98.1,139,36.7,70,19,light_activity
2026-04-25 10:06:29,CUST_carlos_rivera_5A81755B,Carlos Rivera,62,98.0,161,36.5,55,16,resting
2026-04-25 11:41:29,CUST_carlos_rivera_5A81755B,Carlos Rivera,77,97.3,454,37.0,34,18,walking
2026-04-25 12:25:29,CUST_carlos_rivera_5A81755B,Carlos Rivera,64,98.6,339,36.7,56,19,light_activity
2026-04-25 13:24:29,CUST_carlos_rivera_5A81755B,Carlos Rivera,62,98.5,404,36.8,43,17,light_activity
2026-04-25 14:36:29,CUST_carlos_rivera_5A81755B,Carlos Rivera,59,98.9,337,36.3,25,18,light_activity
2026-04-25 15:04:29,CUST_carlos_rivera_5A81755B,Carlos Rivera,66,98.5,344,36.6,47,16,resting
2026-04-25 16:36:29,CUST_carlos_rivera_5A81755B,Carlos Rivera,66,98.4,303,37.4,57,17,sleep
2026-04-25 17:35:29,CUST_carlos_rivera_5A81755B,Carlos Rivera,75,98.6,30,36.8,20,14,resting
2026-04-25 18:16:29,CUST_carlos_rivera_5A81755B,Carlos Rivera,66,99.0,341,36.2,59,19,resting
2026-04-25 19:08:29,CUST_carlos_rivera_5A81755B,Carlos Rivera,59,97.6,481,36.4,35,18,sleep
2026-04-25 20:29:29,CUST_carlos_rivera_5A81755B,Carlos Rivera,81,98.3,207,36.2,53,19,walking
2026-04-25 21:04:29,CUST_carlos_rivera_5A81755B,Carlos Rivera,66,98.0,247,36.5,71,14,walking
2026-04-25 22:28:29,CUST_carlos_rivera_5A81755B,Carlos Rivera,81,98.3,14,36.8,41,20,sleep
2026-04-25 23:41:29,CUST_carlos_rivera_5A81755B,Carlos Rivera,78,97.7,430,37.0,33,16,walking
2026-04-26 00:07:29,CUST_carlos_rivera_5A81755B,Carlos Rivera,75,98.3,195,36.6,32,12,light_activity
2026-04-26 01:11:29,CUST_carlos_rivera_5A81755B,Carlos Rivera,63,97.3,81,36.3,24,17,resting
2026-04-26 02:49:29,CUST_carlos_rivera_5A81755B,Carlos Rivera,73,98.6,139,37.4,56,19,light_activity
2026-04-26 03:30:29,CUST_carlos_rivera_5A81755B,Carlos Rivera,55,97.0,215,37.4,49,18,light_activity
2026-04-26 04:19:29,CUST_carlos_rivera_5A81755B,Carlos Rivera,82,98.5,254,36.7,56,19,sleep
2026-04-26 05:59:29,CUST_carlos_rivera_5A81755B,Carlos Rivera,65,97.8,103,36.7,42,18,resting
2026-04-26 06:16:29,CUST_carlos_rivera_5A81755B,Carlos Rivera,65,97.0,125,36.6,64,15,sleep
2026-04-26 07:12:29,CUST_carlos_rivera_5A81755B,Carlos Rivera,65,98.5,499,36.5,47,14,sleep
2026-04-26 08:28:29,CUST_carlos_rivera_5A81755B,Carlos Rivera,58,98.8,289,37.0,28,18,walking
2026-04-26 09:20:29,CUST_carlos_rivera_5A81755B,Carlos Rivera,61,98.4,303,36.8,20,14,light_activity
2026-04-26 10:22:29,CUST_carlos_rivera_5A81755B,Carlos Rivera,60,98.1,236,36.7,33,18,light_activity
2026-04-26 11:15:29,CUST_carlos_rivera_5A81755B,Carlos Rivera,62,98.2,469,36.8,74,20,light_activity
2026-04-26 12:39:29,CUST_carlos_rivera_5A81755B,Carlos Rivera,72,98.8,211,37.0,35,16,light_activity
2026-04-26 13:48:29,CUST_carlos_rivera_5A81755B,Carlos Rivera,67,98.5,157,37.1,70,13,light_activity
2026-04-26 14:39:29,CUST_carlos_rivera_5A81755B,Carlos Rivera,64,98.1,308,36.9,68,15,light_activity
2026-04-26 15:17:29,CUST_carlos_rivera_5A81755B,Carlos Rivera,80,97.6,294,37.3,76,18,light_activity
2026-04-26 16:01:29,CUST_carlos_rivera_5A81755B,Carlos Rivera,81,98.7,358,36.9,29,15,resting
2026-04-26 17:37:29,CUST_carlos_rivera_5A81755B,Carlos Rivera,73,97.8,309,37.1,66,15,light_activity
2026-04-26 18:06:29,CUST_carlos_rivera_5A81755B,Carlos Rivera,64,97.2,4,37.4,68,19,walking
2026-04-26 19:03:29,CUST_carlos_rivera_5A81755B,Carlos Rivera,61,98.7,389,36.3,40,16,light_activity
2026-04-26 20:12:29,CUST_carlos_rivera_5A81755B,Carlos Rivera,74,98.4,211,36.6,50,14,walking
2026-04-26 21:02:29,CUST_carlos_rivera_5A81755B,Carlos Rivera,62,97.1,142,36.9,74,16,sleep
2026-04-26 22:59:29,CUST_carlos_rivera_5A81755B,Carlos Rivera,59,98.4,114,36.9,72,12,walking
2026-04-26 23:57:29,CUST_carlos_rivera_5A81755B,Carlos Rivera,67,97.3,58,36.4,75,19,light_activity
2026-04-27 00:54:29,CUST_carlos_rivera_5A81755B,Carlos Rivera,72,98.1,304,36.7,41,17,sleep
2026-04-27 01:00:29,CUST_carlos_rivera_5A81755B,Carlos Rivera,78,98.9,40,37.3,59,15,resting
2026-04-27 02:16:29,CUST_carlos_rivera_5A81755B,Carlos Rivera,74,97.6,132,37.0,45,18,walking
2026-04-27 03:05:29,CUST_carlos_rivera_5A81755B,Carlos Rivera,60,98.9,281,36.6,76,15,light_activity
2026-04-27 04:56:29,CUST_carlos_rivera_5A81755B,Carlos Rivera,63,98.7,80,37.3,67,14,resting
2026-04-27 05:54:29,CUST_carlos_rivera_5A81755B,Carlos Rivera,65,97.6,149,36.4,46,15,resting
2026-04-27 06:01:29,CUST_carlos_rivera_5A81755B,Carlos Rivera,67,98.3,365,36.9,52,18,resting
2026-04-27 07:02:29,CUST_carlos_rivera_5A81755B,Carlos Rivera,82,97.6,362,37.3,56,16,sleep
2026-04-27 08:48:29,CUST_carlos_rivera_5A81755B,Carlos Rivera,73,97.3,412,37.0,61,19,sleep
2026-04-27 09:56:29,CUST_carlos_rivera_5A81755B,Carlos Rivera,65,97.9,96,37.4,39,15,light_activity
2026-04-27 10:03:29,CUST_carlos_rivera_5A81755B,Carlos Rivera,62,98.1,405,37.2,80,12,walking
2026-04-27 11:10:29,CUST_carlos_rivera_5A81755B,Carlos Rivera,81,98.9,216,36.7,31,19,light_activity
2026-04-27 12:46:29,CUST_carlos_rivera_5A81755B,Carlos Rivera,63,97.4,266,37.4,59,15,resting
2026-04-27 13:08:29,CUST_carlos_rivera_5A81755B,Carlos Rivera,57,97.7,293,37.4,33,15,resting
2026-04-27 14:14:29,CUST_carlos_rivera_5A81755B,Carlos Rivera,58,97.4,209,36.8,24,13,sleep
2026-04-27 15:50:29,CUST_carlos_rivera_5A81755B,Carlos Rivera,74,98.9,5,36.7,47,14,sleep
2026-04-27 16:39:29,CUST_carlos_rivera_5A81755B,Carlos Rivera,79,98.5,161,36.5,67,12,walking
2026-04-27 17:17:29,CUST_carlos_rivera_5A81755B,Carlos Rivera,80,97.4,40,37.3,31,15,light_activity
2026-04-27 18:52:29,CUST_carlos_rivera_5A81755B,Carlos Rivera,72,97.5,110,36.5,78,14,resting
2026-04-27 19:08:29,CUST_carlos_rivera_5A81755B,Carlos Rivera,76,97.9,484,37.4,57,12,resting
2026-04-27 20:29:29,CUST_carlos_rivera_5A81755B,Carlos Rivera,62,98.3,67,36.6,76,17,resting
2026-04-27 21:28:29,CUST_carlos_rivera_5A81755B,Carlos Rivera,72,98.3,279,36.8,69,13,sleep
2026-04-27 22:41:29,CUST_carlos_rivera_5A81755B,Carlos Rivera,82,97.6,133,36.7,59,14,light_activity
2026-04-27 23:03:29,CUST_carlos_rivera_5A81755B,Carlos Rivera,72,98.3,116,36.8,78,19,walking
2026-04-28 00:50:29,CUST_carlos_rivera_5A81755B,Carlos Rivera,80,97.3,258,37.2,24,14,walking
2026-04-28 01:20:29,CUST_carlos_rivera_5A81755B,Carlos Rivera,74,98.6,299,37.1,41,18,sleep
2026-04-28 02:48:29,CUST_carlos_rivera_5A81755B,Carlos Rivera,76,98.4,468,36.8,67,14,walking
2026-04-28 03:31:29,CUST_carlos_rivera_5A81755B,Carlos Rivera,72,97.4,293,37.1,24,14,resting
2026-04-28 04:08:29,CUST_carlos_rivera_5A81755B,Carlos Rivera,58,99.0,61,36.8,52,12,walking
2026-04-28 05:44:29,CUST_carlos_rivera_5A81755B,Carlos Rivera,74,97.8,470,37.1,23,13,sleep
2026-04-28 06:54:29,CUST_carlos_rivera_5A81755B,Carlos Rivera,63,97.6,18,37.2,79,15,walking
2026-04-28 07:22:29,CUST_carlos_rivera_5A81755B,Carlos Rivera,67,98.9,316,36.5,42,14,light_activity
2026-04-28 08:47:29,CUST_carlos_rivera_5A81755B,Carlos Rivera,65,97.2,89,36.4,51,18,light_activity
2026-04-28 09:15:29,CUST_carlos_rivera_5A81755B,Carlos Rivera,70,97.9,83,36.2,74,16,walking
2026-04-28 10:09:29,CUST_carlos_rivera_5A81755B,Carlos Rivera,64,97.4,347,36.6,71,16,sleep
2026-04-28 11:54:29,CUST_carlos_rivera_5A81755B,Carlos Rivera,64,98.5,0,37.0,72,15,walking
2026-04-28 12:18:29,CUST_carlos_rivera_5A81755B,Carlos Rivera,68,97.9,463,37.2,39,20,sleep
2026-04-28 13:32:29,CUST_carlos_rivera_5A81755B,Carlos Rivera,83,98.8,6,36.5,21,14,resting
2026-04-28 14:55:29,CUST_carlos_rivera_5A81755B,Carlos Rivera,75,98.4,392,36.8,42,13,light_activity
2026-04-28 15:12:29,CUST_carlos_rivera_5A81755B,Carlos Rivera,76,97.5,359,37.3,45,18,walking
2026-04-28 16:10:29,CUST_carlos_rivera_5A81755B,Carlos Rivera,79,97.8,137,36.4,78,19,sleep
2026-04-28 17:20:29,CUST_carlos_rivera_5A81755B,Carlos Rivera,62,98.8,290,36.4,46,13,sleep
2026-04-28 18:22:29,CUST_carlos_rivera_5A81755B,Carlos Rivera,73,97.3,309,36.4,61,17,walking
2026-04-28 19:09:29,CUST_carlos_rivera_5A81755B,Carlos Rivera,77,97.2,165,37.3,79,18,walking
2026-04-28 20:02:29,CUST_carlos_rivera_5A81755B,Carlos Rivera,68,97.6,387,37.0,57,18,walking
2026-04-28 21:27:29,CUST_carlos_rivera_5A81755B,Carlos Rivera,69,98.3,415,36.4,46,14,light_activity
2026-04-28 22:42:29,CUST_carlos_rivera_5A81755B,Carlos Rivera,60,97.9,38,36.6,36,20,resting
2026-04-28 23:41:29,CUST_carlos_rivera_5A81755B,Carlos Rivera,77,97.2,104,37.1,34,20,resting
2026-04-29 00:02:29,CUST_carlos_rivera_5A81755B,Carlos Rivera,72,98.1,435,36.5,74,14,resting
2026-04-29 01:52:29,CUST_carlos_rivera_5A81755B,Carlos Rivera,76,97.4,77,36.3,73,14,resting
2026-04-29 02:23:29,CUST_carlos_rivera_5A81755B,Carlos Rivera,72,98.3,452,36.3,43,20,walking
2026-04-29 03:55:29,CUST_carlos_rivera_5A81755B,Carlos Rivera,76,97.8,255,37.4,39,12,resting
2026-04-29 04:48:29,CUST_carlos_rivera_5A81755B,Carlos Rivera,74,98.1,134,36.9,23,18,light_activity
2026-04-29 05:19:29,CUST_carlos_rivera_5A81755B,Carlos Rivera,69,97.0,406,36.7,56,20,sleep
2026-04-29 06:28:29,CUST_carlos_rivera_5A81755B,Carlos Rivera,83,98.0,425,36.6,40,18,sleep
2026-04-29 07:18:29,CUST_carlos_rivera_5A81755B,Carlos Rivera,71,98.6,60,36.9,66,14,walking
2026-04-29 08:18:29,CUST_carlos_rivera_5A81755B,Carlos Rivera,61,98.2,366,37.3,71,14,walking
2026-04-29 09:04:29,CUST_carlos_rivera_5A81755B,Carlos Rivera,63,97.0,353,36.3,38,14,light_activity
2026-04-29 10:34:29,CUST_carlos_rivera_5A81755B,Carlos Rivera,62,97.6,248,37.3,78,13,resting
2026-04-29 11:30:29,CUST_carlos_rivera_5A81755B,Carlos Rivera,81,97.3,389,36.7,59,16,resting
2026-04-29 12:41:29,CUST_carlos_rivera_5A81755B,Carlos Rivera,68,98.4,56,37.1,21,12,walking
2026-04-29 13:56:29,CUST_carlos_rivera_5A81755B,Carlos Rivera,74,97.8,377,37.0,30,12,resting
2026-04-29 14:00:29,CUST_carlos_rivera_5A81755B,Carlos Rivera,69,98.5,276,36.6,54,18,walking
2026-04-29 15:55:29,CUST_carlos_rivera_5A81755B,Carlos Rivera,58,97.6,23,36.6,31,16,walking
2026-04-29 16:56:29,CUST_carlos_rivera_5A81755B,Carlos Rivera,74,98.1,0,37.3,55,14,sleep
2026-04-29 17:53:29,CUST_carlos_rivera_5A81755B,Carlos Rivera,76,98.3,289,37.1,23,12,sleep
2026-04-29 18:25:29,CUST_carlos_rivera_5A81755B,Carlos Rivera,78,97.3,234,37.1,79,15,walking
2026-04-29 19:11:29,CUST_carlos_rivera_5A81755B,Carlos Rivera,75,98.8,256,36.9,44,15,walking
2026-04-29 20:52:29,CUST_carlos_rivera_5A81755B,Carlos Rivera,76,98.8,42,36.8,60,13,sleep
2026-04-29 21:11:29,CUST_carlos_rivera_5A81755B,Carlos Rivera,74,97.2,222,36.9,69,13,resting
2026-04-29 22:04:29,CUST_carlos_rivera_5A81755B,Carlos Rivera,63,98.3,405,36.4,77,15,walking
2026-04-29 23:06:29,CUST_carlos_rivera_5A81755B,Carlos Rivera,80,98.5,114,36.6,31,19,resting
2026-04-30 00:33:29,CUST_carlos_rivera_5A81755B,Carlos Rivera,75,98.4,391,37.1,64,12,sleep
2026-04-30 01:57:29,CUST_carlos_rivera_5A81755B,Carlos Rivera,77,97.8,333,36.3,68,17,walking
2026-04-30 02:00:29,CUST_carlos_rivera_5A81755B,Carlos Rivera,83,98.0,438,37.0,37,15,resting
2026-04-30 03:39:29,CUST_carlos_rivera_5A81755B,Carlos Rivera,66,98.2,489,36.7,49,20,resting
2026-04-30 04:22:29,CUST_carlos_rivera_5A81755B,Carlos Rivera,79,98.2,273,37.0,54,16,light_activity
2026-04-30 05:42:29,CUST_carlos_rivera_5A81755B,Carlos Rivera,72,98.5,8,37.4,72,14,sleep
2026-04-30 06:24:29,CUST_carlos_rivera_5A81755B,Carlos Rivera,72,98.1,391,36.4,75,17,resting
2026-04-30 07:08:29,CUST_carlos_rivera_5A81755B,Carlos Rivera,72,97.4,315,36.8,56,14,light_activity
2026-04-30 08:20:29,CUST_carlos_rivera_5A81755B,Carlos Rivera,71,97.5,222,37.0,20,19,light_activity
2026-04-30 09:56:29,CUST_carlos_rivera_5A81755B,Carlos Rivera,68,98.7,11,36.7,60,19,walking
2026-04-30 10:48:29,CUST_carlos_rivera_5A81755B,Carlos Rivera,80,97.8,155,36.3,48,18,sleep
2026-04-30 11:01:29,CUST_carlos_rivera_5A81755B,Carlos Rivera,72,98.1,304,36.7,63,19,light_activity
2026-04-30 12:35:29,CUST_carlos_rivera_5A81755B,Carlos Rivera,76,98.2,292,36.5,37,13,walking
2026-04-30 13:51:29,CUST_carlos_rivera_5A81755B,Carlos Rivera,82,98.7,57,36.7,35,16,sleep
2026-04-30 14:33:29,CUST_carlos_rivera_5A81755B,Carlos Rivera,80,97.4,375,36.9,71,20,resting
2026-04-30 15:24:29,CUST_carlos_rivera_5A81755B,Carlos Rivera,73,98.1,135,36.5,20,14,sleep
2026-04-30 16:56:29,CUST_carlos_rivera_5A81755B,Carlos Rivera,60,98.9,60,37.2,22,14,sleep
2026-04-30 17:08:29,CUST_carlos_rivera_5A81755B,Carlos Rivera,69,97.8,148,36.9,77,12,resting
2026-04-30 18:53:29,CUST_carlos_rivera_5A81755B,Carlos Rivera,74,97.5,426,36.5,53,13,walking
2026-04-30 19:00:29,CUST_carlos_rivera_5A81755B,Carlos Rivera,80,98.1,97,37.2,71,12,light_activity
2026-04-30 20:30:29,CUST_carlos_rivera_5A81755B,Carlos Rivera,74,98.6,282,36.5,58,19,light_activity
2026-04-30 21:53:29,CUST_carlos_rivera_5A81755B,Carlos Rivera,66,97.7,443,36.5,29,19,light_activity
2026-04-30 22:58:29,CUST_carlos_rivera_5A81755B,Carlos Rivera,55,97.0,23,37.0,66,18,sleep
2026-04-30 23:06:29,CUST_carlos_rivera_5A81755B,Carlos Rivera,82,97.7,104,36.2,80,17,sleep
2026-05-01 00:18:29,CUST_carlos_rivera_5A81755B,Carlos Rivera,66,97.5,289,36.4,48,20,light_activity
2026-05-01 01:27:29,CUST_carlos_rivera_5A81755B,Carlos Rivera,78,97.1,389,36.8,66,12,resting
2026-05-01 02:33:29,CUST_carlos_rivera_5A81755B,Carlos Rivera,72,97.8,329,37.2,21,13,walking
2026-05-01 03:27:29,CUST_carlos_rivera_5A81755B,Carlos Rivera,67,97.1,138,37.3,39,16,walking
2026-05-01 04:38:29,CUST_carlos_rivera_5A81755B,Carlos Rivera,74,97.8,140,37.0,47,20,sleep
2026-05-01 05:52:29,CUST_carlos_rivera_5A81755B,Carlos Rivera,68,97.6,19,36.7,70,14,resting
2026-05-01 06:20:29,CUST_carlos_rivera_5A81755B,Carlos Rivera,75,98.2,446,36.8,40,18,walking
2026-05-01 07:11:29,CUST_carlos_rivera_5A81755B,Carlos Rivera,61,98.2,169,36.5,79,16,sleep
2026-05-01 08:50:29,CUST_carlos_rivera_5A81755B,Carlos Rivera,59,98.0,245,37.3,39,20,light_activity
2026-05-01 09:43:29,CUST_carlos_rivera_5A81755B,Carlos Rivera,70,98.2,307,36.7,30,13,walking
2026-05-01 10:34:29,CUST_carlos_rivera_5A81755B,Carlos Rivera,67,97.0,425,36.3,28,16,light_activity
2026-05-01 11:46:29,CUST_carlos_rivera_5A81755B,Carlos Rivera,69,97.2,359,37.2,77,12,resting
2026-05-01 12:47:29,CUST_carlos_rivera_5A81755B,Carlos Rivera,68,97.3,94,37.3,79,13,sleep
2026-05-01 13:15:29,CUST_carlos_rivera_5A81755B,Carlos Rivera,77,98.3,237,36.8,47,16,walking
2026-05-01 14:39:29,CUST_carlos_rivera_5A81755B,Carlos Rivera,74,97.6,345,36.6,40,14,walking
2026-05-01 15:37:29,CUST_carlos_rivera_5A81755B,Carlos Rivera,66,98.4,177,36.4,74,17,resting
2026-05-01 16:25:29,CUST_carlos_rivera_5A81755B,Carlos Rivera,66,97.7,188,36.9,48,13,resting
2026-05-01 17:21:29,CUST_carlos_rivera_5A81755B,Carlos Rivera,64,98.7,24,36.6,58,13,light_activity
2026-05-01 18:28:29,CUST_carlos_rivera_5A81755B,Carlos Rivera,73,97.5,117,37.1,60,15,light_activity
2026-05-01 19:49:29,CUST_carlos_rivera_5A81755B,Carlos Rivera,63,97.9,270,37.1,74,16,resting
2026-05-01 20:53:29,CUST_carlos_rivera_5A81755B,Carlos Rivera,70,97.7,153,37.0,56,19,walking
2026-05-01 21:16:29,CUST_carlos_rivera_5A81755B,Carlos Rivera,73,97.4,170,36.5,52,20,resting
2026-05-01 22:14:29,CUST_carlos_rivera_5A81755B,Carlos Rivera,62,98.1,215,36.3,70,13,walking
2026-05-01 23:15:29,CUST_carlos_rivera_5A81755B,Carlos Rivera,83,98.8,93,36.7,22,20,sleep
2026-05-02 00:32:29,CUST_carlos_rivera_5A81755B,Carlos Rivera,74,98.6,285,36.3,70,14,sleep
2026-05-02 01:34:29,CUST_carlos_rivera_5A81755B,Carlos Rivera,73,97.0,423,36.9,31,17,resting
2026-05-02 02:20:29,CUST_carlos_rivera_5A81755B,Carlos Rivera,61,97.9,156,36.7,73,15,light_activity
2026-05-02 03:46:29,CUST_carlos_rivera_5A81755B,Carlos Rivera,69,98.6,401,36.8,26,20,resting
2026-05-02 04:22:29,CUST_carlos_rivera_5A81755B,Carlos Rivera,78,98.0,149,36.5,44,19,resting
2026-05-02 05:47:29,CUST_carlos_rivera_5A81755B,Carlos Rivera,77,98.5,477,36.4,71,18,resting
2026-05-02 06:19:29,CUST_carlos_rivera_5A81755B,Carlos Rivera,65,98.6,69,36.9,56,16,sleep
2026-05-02 07:40:29,CUST_carlos_rivera_5A81755B,Carlos Rivera,72,98.9,174,36.3,57,12,resting
2026-05-02 08:07:29,CUST_carlos_rivera_5A81755B,Carlos Rivera,64,98.2,174,36.8,56,12,walking
2026-05-02 09:53:29,CUST_carlos_rivera_5A81755B,Carlos Rivera,67,97.2,43,36.8,46,20,light_activity
2026-05-02 10:57:29,CUST_carlos_rivera_5A81755B,Carlos Rivera,66,98.3,199,36.5,80,20,light_activity
2026-05-02 11:39:29,CUST_carlos_rivera_5A81755B,Carlos Rivera,81,98.2,224,36.4,78,17,sleep
2026-05-02 12:21:29,CUST_carlos_rivera_5A81755B,Carlos Rivera,84,97.7,266,36.4,53,13,resting
2026-05-02 13:11:29,CUST_carlos_rivera_5A81755B,Carlos Rivera,60,97.9,298,36.8,54,13,walking
2026-05-02 14:19:29,CUST_carlos_rivera_5A81755B,Carlos Rivera,79,97.4,311,37.3,48,13,sleep
2026-05-02 15:00:29,CUST_carlos_rivera_5A81755B,Carlos Rivera,74,98.1,468,37.4,79,17,resting
2026-05-02 16:50:29,CUST_carlos_rivera_5A81755B,Carlos Rivera,66,97.9,389,37.2,53,18,resting
2026-05-02 17:05:29,CUST_carlos_rivera_5A81755B,Carlos Rivera,63,98.3,107,36.8,41,18,resting
2026-05-02 18:49:29,CUST_carlos_rivera_5A81755B,Carlos Rivera,66,97.5,251,37.2,25,16,light_activity
2026-05-02 19:36:29,CUST_carlos_rivera_5A81755B,Carlos Rivera,55,98.5,316,37.0,75,14,resting
2026-05-02 20:28:29,CUST_carlos_rivera_5A81755B,Carlos Rivera,78,97.1,161,36.4,75,18,sleep
2026-05-02 21:37:29,CUST_carlos_rivera_5A81755B,Carlos Rivera,64,98.6,191,36.3,73,17,resting
2026-05-02 22:48:29,CUST_carlos_rivera_5A81755B,Carlos Rivera,69,98.5,342,36.6,28,18,resting
2026-05-02 23:47:29,CUST_carlos_rivera_5A81755B,Carlos Rivera,59,98.2,403,36.9,20,15,walking
2026-05-03 00:54:29,CUST_carlos_rivera_5A81755B,Carlos Rivera,80,97.6,330,37.2,42,13,walking
2026-05-03 01:46:29,CUST_carlos_rivera_5A81755B,Carlos Rivera,68,98.1,353,36.8,72,20,resting
2026-05-03 02:54:29,CUST_carlos_rivera_5A81755B,Carlos Rivera,72,97.1,167,36.3,28,16,walking
2026-05-03 03:45:29,CUST_carlos_rivera_5A81755B,Carlos Rivera,72,97.8,463,36.6,64,20,sleep
2026-05-03 04:13:29,CUST_carlos_rivera_5A81755B,Carlos Rivera,73,97.3,225,36.3,64,17,sleep
2026-05-03 05:36:29,CUST_carlos_rivera_5A81755B,Carlos Rivera,65,97.7,408,36.9,65,12,light_activity
2026-05-03 06:34:29,CUST_carlos_rivera_5A81755B,Carlos Rivera,71,97.2,324,37.3,48,15,resting
2026-05-03 07:41:29,CUST_carlos_rivera_5A81755B,Carlos Rivera,71,98.6,122,36.9,56,14,light_activity
2026-05-03 08:22:29,CUST_carlos_rivera_5A81755B,Carlos Rivera,59,97.8,126,36.7,63,12,walking
2026-05-03 09:53:29,CUST_carlos_rivera_5A81755B,Carlos Rivera,74,97.9,93,36.7,74,14,sleep
2026-05-03 10:49:29,CUST_carlos_rivera_5A81755B,Carlos Rivera,81,97.8,175,37.3,38,14,resting
2026-05-03 11:24:29,CUST_carlos_rivera_5A81755B,Carlos Rivera,67,97.1,360,37.0,24,12,resting
2026-05-03 12:39:29,CUST_carlos_rivera_5A81755B,Carlos Rivera,74,98.3,104,36.6,75,16,sleep
2026-05-03 13:53:29,CUST_carlos_rivera_5A81755B,Carlos Rivera,63,99.0,493,36.3,32,20,resting
2026-05-03 14:08:29,CUST_carlos_rivera_5A81755B,Carlos Rivera,73,97.0,73,36.8,33,18,walking
2026-05-03 15:59:29,CUST_carlos_rivera_5A81755B,Carlos Rivera,72,97.5,132,37.0,49,13,walking
2026-05-03 16:37:29,CUST_carlos_rivera_5A81755B,Carlos Rivera,68,98.9,294,36.7,71,12,sleep
2026-05-03 17:31:29,CUST_carlos_rivera_5A81755B,Carlos Rivera,71,98.4,440,37.3,75,12,walking
2026-05-03 18:11:29,CUST_carlos_rivera_5A81755B,Carlos Rivera,79,98.5,142,37.3,52,19,light_activity
2026-05-03 19:55:29,CUST_carlos_rivera_5A81755B,Carlos Rivera,70,97.2,361,36.5,73,17,sleep
2026-05-03 20:08:29,CUST_carlos_rivera_5A81755B,Carlos Rivera,71,97.9,454,36.4,61,18,resting
2026-05-03 21:50:29,CUST_carlos_rivera_5A81755B,Carlos Rivera,64,98.7,420,36.5,66,12,walking
2026-05-03 22:19:29,CUST_carlos_rivera_5A81755B,Carlos Rivera,70,98.0,267,37.3,52,19,walking
2026-05-03 23:35:29,CUST_carlos_rivera_5A81755B,Carlos Rivera,77,98.3,183,37.4,34,15,walking
2026-05-04 00:25:29,CUST_carlos_rivera_5A81755B,Carlos Rivera,71,97.9,424,36.5,34,12,resting
2026-05-04 01:39:29,CUST_carlos_rivera_5A81755B,Carlos Rivera,63,97.4,422,37.0,46,12,walking
2026-05-04 02:34:29,CUST_carlos_rivera_5A81755B,Carlos Rivera,65,97.3,135,37.1,22,16,resting
2026-05-04 03:41:29,CUST_carlos_rivera_5A81755B,Carlos Rivera,63,98.8,312,36.2,61,17,sleep
2026-05-04 04:29:29,CUST_carlos_rivera_5A81755B,Carlos Rivera,59,97.5,143,36.3,23,19,light_activity
2026-05-04 05:06:29,CUST_carlos_rivera_5A81755B,Carlos Rivera,76,97.3,190,37.4,35,20,resting
2026-05-04 06:03:29,CUST_carlos_rivera_5A81755B,Carlos Rivera,81,98.4,158,36.3,60,14,walking
2026-05-04 07:48:29,CUST_carlos_rivera_5A81755B,Carlos Rivera,71,98.9,14,36.9,67,20,sleep
2026-05-04 08:09:29,CUST_carlos_rivera_5A81755B,Carlos Rivera,71,98.7,294,36.7,31,14,light_activity
2026-05-04 09:05:29,CUST_carlos_rivera_5A81755B,Carlos Rivera,74,98.6,94,36.5,36,15,walking
2026-05-04 10:26:29,CUST_carlos_rivera_5A81755B,Carlos Rivera,59,98.1,318,36.3,32,16,sleep
2026-05-04 11:33:29,CUST_carlos_rivera_5A81755B,Carlos Rivera,69,98.4,110,36.3,20,14,sleep
2026-05-04 12:28:29,CUST_carlos_rivera_5A81755B,Carlos Rivera,77,97.1,476,36.4,22,12,light_activity
2026-05-04 13:49:29,CUST_carlos_rivera_5A81755B,Carlos Rivera,68,98.8,212,37.1,24,17,walking
2026-05-04 14:26:29,CUST_carlos_rivera_5A81755B,Carlos Rivera,81,97.1,173,36.8,58,17,resting
2026-05-04 15:03:29,CUST_carlos_rivera_5A81755B,Carlos Rivera,65,97.5,170,37.3,56,12,resting
2026-05-04 16:51:29,CUST_carlos_rivera_5A81755B,Carlos Rivera,72,98.2,45,36.4,69,12,sleep
2026-05-04 17:10:29,CUST_carlos_rivera_5A81755B,Carlos Rivera,61,97.2,276,37.2,56,12,sleep
2026-05-04 18:56:29,CUST_carlos_rivera_5A81755B,Carlos Rivera,67,97.8,72,36.4,21,16,light_activity
2026-05-04 19:55:29,CUST_carlos_rivera_5A81755B,Carlos Rivera,69,98.6,253,36.3,30,20,resting
2026-05-04 20:30:29,CUST_carlos_rivera_5A81755B,Carlos Rivera,62,97.5,125,36.7,29,15,light_activity
2026-05-04 21:18:29,CUST_carlos_rivera_5A81755B,Carlos Rivera,61,97.7,47,37.0,20,14,light_activity
2026-05-04 22:11:29,CUST_carlos_rivera_5A81755B,Carlos Rivera,70,97.5,42,36.4,66,12,light_activity
2026-05-04 23:19:29,CUST_carlos_rivera_5A81755B,Carlos Rivera,76,98.8,192,36.9,33,14,sleep
2026-05-05 00:41:29,CUST_carlos_rivera_5A81755B,Carlos Rivera,80,97.6,115,37.3,50,18,resting
2026-05-05 01:41:29,CUST_carlos_rivera_5A81755B,Carlos Rivera,78,98.6,368,36.9,63,14,light_activity
2026-05-05 02:22:29,CUST_carlos_rivera_5A81755B,Carlos Rivera,75,98.1,57,36.7,28,13,resting
2026-05-05 03:36:29,CUST_carlos_rivera_5A81755B,Carlos Rivera,63,98.9,274,36.9,73,13,walking
2026-05-05 04:51:29,CUST_carlos_rivera_5A81755B,Carlos Rivera,76,98.8,387,37.0,66,20,sleep
2026-05-05 05:16:29,CUST_carlos_rivera_5A81755B,Carlos Rivera,78,97.9,449,37.3,52,18,walking
2026-05-05 06:13:29,CUST_carlos_rivera_5A81755B,Carlos Rivera,75,99.0,464,36.2,53,16,light_activity
2026-05-05 07:29:29,CUST_carlos_rivera_5A81755B,Carlos Rivera,63,98.0,118,36.7,62,20,resting
2026-05-05 08:36:29,CUST_carlos_rivera_5A81755B,Carlos Rivera,67,97.1,149,36.9,56,14,resting
2026-05-05 09:27:29,CUST_carlos_rivera_5A81755B,Carlos Rivera,64,97.1,292,37.1,68,20,walking
2026-05-05 10:25:29,CUST_carlos_rivera_5A81755B,Carlos Rivera,84,97.3,101,37.1,34,16,light_activity
2026-05-05 11:32:29,CUST_carlos_rivera_5A81755B,Carlos Rivera,72,97.9,486,36.2,30,13,walking
2026-05-05 12:36:29,CUST_carlos_rivera_5A81755B,Carlos Rivera,77,97.6,221,36.4,65,12,walking
2026-05-05 13:04:29,CUST_carlos_rivera_5A81755B,Carlos Rivera,63,98.5,251,37.0,67,14,resting
2026-05-05 14:22:29,CUST_carlos_rivera_5A81755B,Carlos Rivera,65,98.8,389,36.5,23,12,resting
2026-05-05 15:35:29,CUST_carlos_rivera_5A81755B,Carlos Rivera,77,97.5,149,37.1,45,19,walking
2026-05-05 16:37:29,CUST_carlos_rivera_5A81755B,Carlos Rivera,67,97.0,264,36.8,69,13,resting
2026-05-05 17:16:29,CUST_carlos_rivera_5A81755B,Carlos Rivera,64,98.6,11,36.9,74,13,sleep
2026-05-05 18:36:29,CUST_carlos_rivera_5A81755B,Carlos Rivera,77,98.6,71,37.0,32,19,sleep
2026-05-05 19:47:29,CUST_carlos_rivera_5A81755B,Carlos Rivera,74,97.8,277,37.2,41,16,resting
2026-05-05 20:54:29,CUST_carlos_rivera_5A81755B,Carlos Rivera,78,98.0,132,36.7,22,12,resting
2026-05-05 21:58:29,CUST_carlos_rivera_5A81755B,Carlos Rivera,83,98.0,350,36.5,47,13,resting
2026-05-05 22:46:29,CUST_carlos_rivera_5A81755B,Carlos Rivera,69,97.2,49,36.8,25,17,resting
2026-05-05 23:42:29,CUST_carlos_rivera_5A81755B,Carlos Rivera,82,98.3,355,36.5,52,14,light_activity
2026-05-06 00:09:29,CUST_carlos_rivera_5A81755B,Carlos Rivera,58,98.3,412,37.2,20,13,light_activity
2026-05-06 01:13:29,CUST_carlos_rivera_5A81755B,Carlos Rivera,68,97.6,210,36.2,40,18,light_activity
2026-05-06 02:18:29,CUST_carlos_rivera_5A81755B,Carlos Rivera,77,98.7,221,36.7,65,12,resting
2026-05-06 03:03:29,CUST_carlos_rivera_5A81755B,Carlos Rivera,74,97.5,329,37.1,71,14,resting
2026-05-06 04:44:29,CUST_carlos_rivera_5A81755B,Carlos Rivera,73,98.8,334,36.5,48,16,resting
2026-05-06 05:09:29,CUST_carlos_rivera_5A81755B,Carlos Rivera,69,97.1,177,36.8,24,19,light_activity
2026-05-06 06:44:29,CUST_carlos_rivera_5A81755B,Carlos Rivera,67,97.9,404,37.3,60,15,sleep
2026-05-06 07:19:29,CUST_carlos_rivera_5A81755B,Carlos Rivera,63,97.7,232,36.2,38,13,walking
2026-05-06 08:39:29,CUST_carlos_rivera_5A81755B,Carlos Rivera,66,98.9,282,37.0,26,20,resting
2026-05-06 09:43:29,CUST_carlos_rivera_5A81755B,Carlos Rivera,69,98.3,402,37.0,40,17,resting
2026-05-06 10:18:29,CUST_carlos_rivera_5A81755B,Carlos Rivera,68,98.8,31,36.8,31,15,resting
2026-05-06 11:16:29,CUST_carlos_rivera_5A81755B,Carlos Rivera,74,97.0,43,36.4,35,20,walking
2026-05-06 12:29:29,CUST_carlos_rivera_5A81755B,Carlos Rivera,57,97.2,450,37.1,31,15,walking
2026-05-06 13:36:29,CUST_carlos_rivera_5A81755B,Carlos Rivera,81,97.1,45,36.4,61,16,light_activity
2026-05-06 14:00:29,CUST_carlos_rivera_5A81755B,Carlos Rivera,76,97.9,166,36.5,72,16,light_activity
2026-05-06 15:24:29,CUST_carlos_rivera_5A81755B,Carlos Rivera,60,98.3,457,36.4,48,18,walking
2026-05-06 16:54:29,CUST_carlos_rivera_5A81755B,Carlos Rivera,79,97.8,494,36.2,59,13,light_activity
2026-05-06 17:15:29,CUST_carlos_rivera_5A81755B,Carlos Rivera,60,98.0,380,37.2,33,16,sleep
2026-05-06 18:54:29,CUST_carlos_rivera_5A81755B,Carlos Rivera,63,97.5,285,37.4,25,19,sleep
2026-05-06 19:34:29,CUST_carlos_rivera_5A81755B,Carlos Rivera,62,98.9,387,36.3,63,14,sleep
2026-05-06 20:42:29,CUST_carlos_rivera_5A81755B,Carlos Rivera,66,97.9,1,36.8,74,18,sleep
2026-05-06 21:59:29,CUST_carlos_rivera_5A81755B,Carlos Rivera,72,98.9,438,36.4,24,19,sleep
2026-05-06 22:54:29,CUST_carlos_rivera_5A81755B,Carlos Rivera,79,98.0,432,36.5,59,16,sleep
2026-05-06 23:29:29,CUST_carlos_rivera_5A81755B,Carlos Rivera,67,97.3,30,37.0,43,12,resting
2026-05-07 00:26:29,CUST_carlos_rivera_5A81755B,Carlos Rivera,66,97.6,289,36.8,39,14,walking
2026-05-07 01:15:29,CUST_carlos_rivera_5A81755B,Carlos Rivera,69,98.6,157,36.3,66,18,sleep
2026-05-07 02:35:29,CUST_carlos_rivera_5A81755B,Carlos Rivera,60,97.3,172,37.1,47,16,light_activity
2026-05-07 03:10:29,CUST_carlos_rivera_5A81755B,Carlos Rivera,70,98.1,88,36.2,45,16,light_activity
2026-05-07 04:41:29,CUST_carlos_rivera_5A81755B,Carlos Rivera,58,97.2,363,36.9,69,15,resting
2026-05-07 05:33:29,CUST_carlos_rivera_5A81755B,Carlos Rivera,66,97.5,438,37.0,34,16,walking
2026-05-07 06:21:29,CUST_carlos_rivera_5A81755B,Carlos Rivera,77,98.0,442,36.8,31,13,light_activity
2026-05-07 07:37:29,CUST_carlos_rivera_5A81755B,Carlos Rivera,76,97.0,207,36.7,75,12,light_activity
2026-05-07 08:54:29,CUST_carlos_rivera_5A81755B,Carlos Rivera,59,99.0,93,36.3,72,17,light_activity
2026-05-07 09:12:29,CUST_carlos_rivera_5A81755B,Carlos Rivera,64,98.6,95,36.5,21,13,sleep
2026-05-07 10:03:29,CUST_carlos_rivera_5A81755B,Carlos Rivera,73,98.5,270,36.7,72,15,sleep
2026-05-07 11:09:29,CUST_carlos_rivera_5A81755B,Carlos Rivera,68,98.7,197,36.3,23,15,walking
2026-05-07 12:03:29,CUST_carlos_rivera_5A81755B,Carlos Rivera,62,98.2,281,37.2,59,12,resting
2026-05-07 13:05:29,CUST_carlos_rivera_5A81755B,Carlos Rivera,63,98.9,107,36.6,79,19,resting
2026-05-07 14:15:29,CUST_carlos_rivera_5A81755B,Carlos Rivera,65,98.5,301,37.2,68,20,sleep
2026-05-07 15:02:29,CUST_carlos_rivera_5A81755B,Carlos Rivera,68,98.5,452,37.3,68,17,resting
2026-05-07 16:46:29,CUST_carlos_rivera_5A81755B,Carlos Rivera,75,97.2,331,36.5,60,19,light_activity
2026-05-07 17:55:29,CUST_carlos_rivera_5A81755B,Carlos Rivera,66,98.3,39,36.4,48,17,walking
2026-05-07 18:21:29,CUST_carlos_rivera_5A81755B,Carlos Rivera,73,98.4,11,36.8,30,20,sleep
2026-05-07 19:33:29,CUST_carlos_rivera_5A81755B,Carlos Rivera,62,97.3,239,36.9,23,15,sleep
2026-05-07 20:07:29,CUST_carlos_rivera_5A81755B,Carlos Rivera,69,97.9,282,37.0,27,19,walking
2026-05-07 21:08:29,CUST_carlos_rivera_5A81755B,Carlos Rivera,71,98.2,388,36.9,44,16,sleep
2026-05-07 22:31:29,CUST_carlos_rivera_5A81755B,Carlos Rivera,66,97.4,173,37.2,22,19,sleep
2026-05-07 23:35:29,CUST_carlos_rivera_5A81755B,Carlos Rivera,58,97.4,146,36.9,63,20,light_activity
2026-05-08 00:50:29,CUST_carlos_rivera_5A81755B,Carlos Rivera,73,98.7,256,36.2,30,16,light_activity
2026-05-08 01:12:29,CUST_carlos_rivera_5A81755B,Carlos Rivera,62,98.8,493,36.4,72,13,sleep
2026-05-08 02:37:29,CUST_carlos_rivera_5A81755B,Carlos Rivera,62,98.2,390,36.7,42,19,light_activity
2026-05-08 03:25:29,CUST_carlos_rivera_5A81755B,Carlos Rivera,70,97.8,226,37.0,42,13,sleep
2026-05-08 04:39:29,CUST_carlos_rivera_5A81755B,Carlos Rivera,61,98.2,468,37.3,64,14,resting
2026-05-08 05:20:29,CUST_carlos_rivera_5A81755B,Carlos Rivera,57,98.7,458,36.6,29,18,resting
2026-05-08 06:00:29,CUST_carlos_rivera_5A81755B,Carlos Rivera,70,97.4,186,36.3,80,20,light_activity
2026-05-08 07:57:29,CUST_carlos_rivera_5A81755B,Carlos Rivera,64,98.7,359,37.1,27,20,walking
2026-05-08 08:36:29,CUST_carlos_rivera_5A81755B,Carlos Rivera,63,98.1,149,36.8,34,12,resting
2026-05-08 09:19:29,CUST_carlos_rivera_5A81755B,Carlos Rivera,64,98.2,414,36.3,20,17,walking
2026-05-08 10:02:29,CUST_carlos_rivera_5A81755B,Carlos Rivera,60,97.7,36,36.7,66,17,sleep
2026-05-08 11:44:29,CUST_carlos_rivera_5A81755B,Carlos Rivera,70,98.4,125,36.5,75,17,walking
2026-05-08 12:19:29,CUST_carlos_rivera_5A81755B,Carlos Rivera,73,97.2,166,36.2,27,16,sleep
2026-05-08 13:26:29,CUST_carlos_rivera_5A81755B,Carlos Rivera,65,98.0,419,37.2,70,18,resting
2026-05-08 14:20:29,CUST_carlos_rivera_5A81755B,Carlos Rivera,73,98.1,164,37.1,78,13,walking
2026-05-08 15:34:29,CUST_carlos_rivera_5A81755B,Carlos Rivera,64,98.8,168,37.2,28,15,light_activity
2026-05-08 16:48:29,CUST_carlos_rivera_5A81755B,Carlos Rivera,80,98.0,174,36.6,29,18,resting
2026-05-08 17:48:29,CUST_carlos_rivera_5A81755B,Carlos Rivera,81,97.3,375,36.7,29,16,light_activity
2026-05-08 18:27:29,CUST_carlos_rivera_5A81755B,Carlos Rivera,70,97.8,236,36.8,22,17,resting
2026-05-08 19:28:29,CUST_carlos_rivera_5A81755B,Carlos Rivera,58,97.9,31,37.2,49,13,light_activity
2026-05-08 20:24:29,CUST_carlos_rivera_5A81755B,Carlos Rivera,73,98.0,328,37.1,50,12,walking
2026-05-08 21:06:29,CUST_carlos_rivera_5A81755B,Carlos Rivera,75,97.6,116,36.8,69,14,sleep
2026-05-08 22:18:29,CUST_carlos_rivera_5A81755B,Carlos Rivera,61,98.0,166,37.0,62,14,sleep
2026-05-08 23:03:29,CUST_carlos_rivera_5A81755B,Carlos Rivera,69,97.3,132,37.1,45,20,sleep
2026-05-09 00:09:29,CUST_carlos_rivera_5A81755B,Carlos Rivera,71,98.1,426,36.6,22,19,sleep
2026-05-09 01:27:29,CUST_carlos_rivera_5A81755B,Carlos Rivera,65,97.0,334,37.3,63,15,walking
2026-05-09 02:30:29,CUST_carlos_rivera_5A81755B,Carlos Rivera,60,98.9,106,37.1,78,18,sleep
2026-05-09 03:26:29,CUST_carlos_rivera_5A81755B,Carlos Rivera,64,98.2,111,37.3,47,20,sleep
2026-05-09 04:38:29,CUST_carlos_rivera_5A81755B,Carlos Rivera,62,98.8,355,36.2,36,20,sleep
2026-05-09 05:37:29,CUST_carlos_rivera_5A81755B,Carlos Rivera,64,97.1,171,37.1,69,15,light_activity
2026-05-09 06:00:29,CUST_carlos_rivera_5A81755B,Carlos Rivera,66,98.4,483,37.2,69,14,sleep
2026-05-09 07:12:29,CUST_carlos_rivera_5A81755B,Carlos Rivera,79,98.5,489,37.3,58,19,sleep
2026-05-09 08:16:29,CUST_carlos_rivera_5A81755B,Carlos Rivera,60,97.4,335,37.1,46,19,resting
2026-05-09 09:47:29,CUST_carlos_rivera_5A81755B,Carlos Rivera,78,98.2,237,36.8,41,17,light_activity
2026-05-09 10:10:29,CUST_carlos_rivera_5A81755B,Carlos Rivera,69,98.2,441,36.2,73,20,light_activity
2026-05-09 11:09:29,CUST_carlos_rivera_5A81755B,Carlos Rivera,67,97.4,206,37.1,28,19,walking
2026-05-09 12:11:29,CUST_carlos_rivera_5A81755B,Carlos Rivera,58,97.4,329,36.4,26,13,resting
2026-05-09 13:53:29,CUST_carlos_rivera_5A81755B,Carlos Rivera,74,98.3,250,36.7,27,19,resting
2026-05-09 14:27:29,CUST_carlos_rivera_5A81755B,Carlos Rivera,60,98.6,80,36.9,54,17,resting
2026-05-09 15:18:29,CUST_carlos_rivera_5A81755B,Carlos Rivera,71,97.8,283,36.5,43,14,resting
2026-05-09 16:53:29,CUST_carlos_rivera_5A81755B,Carlos Rivera,77,97.0,299,37.2,31,14,resting
2026-05-09 17:57:29,CUST_carlos_rivera_5A81755B,Carlos Rivera,66,99.0,291,37.2,20,13,light_activity
2026-05-09 18:11:29,CUST_carlos_rivera_5A81755B,Carlos Rivera,71,98.0,39,36.3,54,12,resting
2026-05-09 19:28:29,CUST_carlos_rivera_5A81755B,Carlos Rivera,69,98.8,412,37.4,45,15,sleep
2026-05-09 20:56:29,CUST_carlos_rivera_5A81755B,Carlos Rivera,61,98.4,481,36.2,57,15,walking
2026-05-09 21:11:29,CUST_carlos_rivera_5A81755B,Carlos Rivera,75,97.4,469,36.5,56,15,resting
2026-05-09 22:55:29,CUST_carlos_rivera_5A81755B,Carlos Rivera,71,98.1,400,36.7,35,20,resting
2026-05-09 23:34:29,CUST_carlos_rivera_5A81755B,Carlos Rivera,71,97.1,203,37.1,40,16,resting
2026-05-10 00:10:29,CUST_carlos_rivera_5A81755B,Carlos Rivera,75,98.5,418,37.4,40,13,walking
2026-05-10 01:47:29,CUST_carlos_rivera_5A81755B,Carlos Rivera,77,97.3,358,36.4,68,19,walking
2026-05-10 02:34:29,CUST_carlos_rivera_5A81755B,Carlos Rivera,59,98.8,60,37.2,34,17,resting
2026-05-10 03:19:29,CUST_carlos_rivera_5A81755B,Carlos Rivera,79,97.1,425,36.7,46,19,sleep
2026-05-10 04:41:29,CUST_carlos_rivera_5A81755B,Carlos Rivera,67,97.9,85,36.9,39,17,walking
2026-05-10 05:37:29,CUST_carlos_rivera_5A81755B,Carlos Rivera,74,98.2,320,36.9,21,19,resting
2026-05-10 06:32:29,CUST_carlos_rivera_5A81755B,Carlos Rivera,78,97.6,1,36.7,51,17,sleep
2026-05-10 07:54:29,CUST_carlos_rivera_5A81755B,Carlos Rivera,57,97.1,5,37.0,79,13,walking
2026-05-10 08:38:29,CUST_carlos_rivera_5A81755B,Carlos Rivera,58,97.4,39,37.3,69,16,walking
2026-05-10 09:39:29,CUST_carlos_rivera_5A81755B,Carlos Rivera,60,97.5,293,37.3,57,15,walking
2026-05-10 10:57:29,CUST_carlos_rivera_5A81755B,Carlos Rivera,65,98.9,126,36.4,20,14,walking
2026-05-10 11:22:29,CUST_carlos_rivera_5A81755B,Carlos Rivera,57,97.3,191,37.3,71,17,light_activity
2026-05-10 12:54:29,CUST_carlos_rivera_5A81755B,Carlos Rivera,57,98.2,373,36.5,41,16,light_activity
2026-05-10 13:50:29,CUST_carlos_rivera_5A81755B,Carlos Rivera,59,98.7,297,36.8,55,20,light_activity
2026-05-10 14:44:29,CUST_carlos_rivera_5A81755B,Carlos Rivera,70,97.4,397,36.5,76,14,light_activity
2026-05-10 15:54:29,CUST_carlos_rivera_5A81755B,Carlos Rivera,68,98.8,303,36.7,20,20,resting
2026-05-10 16:22:29,CUST_carlos_rivera_5A81755B,Carlos Rivera,81,99.0,118,36.3,73,16,light_activity
2026-05-10 17:05:29,CUST_carlos_rivera_5A81755B,Carlos Rivera,69,97.1,399,36.6,58,18,light_activity
2026-05-10 18:58:29,CUST_carlos_rivera_5A81755B,Carlos Rivera,83,98.2,487,36.3,29,15,sleep
2026-05-10 19:25:29,CUST_carlos_rivera_5A81755B,Carlos Rivera,62,98.0,158,36.9,37,14,resting
2026-05-10 20:58:29,CUST_carlos_rivera_5A81755B,Carlos Rivera,61,97.4,396,37.2,61,13,walking
2026-05-10 21:57:29,CUST_carlos_rivera_5A81755B,Carlos Rivera,74,98.2,407,36.3,28,14,sleep
2026-05-10 22:28:29,CUST_carlos_rivera_5A81755B,Carlos Rivera,60,97.2,190,36.5,45,14,sleep
2026-05-10 23:54:29,CUST_carlos_rivera_5A81755B,Carlos Rivera,70,97.6,341,37.2,60,18,light_activity
